filing_date,owner_name,owner_cik,form_type,shares_beneficially_owned,percent_of_class,sole_voting_power,shared_voting_power,sole_dispositive_power,shared_dispositive_power,filing_url
2005-11-10,FMR CORP,315066,SC 13D/G,7105466,16.937,0,0,733738,0,https://www.sec.gov/Archives/edgar/data/315066/000031506605002769/filing.txt
2006-01-10,WELLINGTON MANAGEMENT CO LLP,902219,SC 13D/G,2870821,6.77,0,2262982,0,2828621,https://www.sec.gov/Archives/edgar/data/902219/000090221906000077/sec_filing.htm
2006-02-10,FRANKLIN RESOURCES INC  (BEN),38777,SC 13D/G,35845,0.1,4,0,4,0,https://www.sec.gov/Archives/edgar/data/38777/000003877706000235/game05a1.htm
2006-02-14,FMR CORP,315066,SC 13D/G,5750042,13.554,0,0,65533,0,https://www.sec.gov/Archives/edgar/data/315066/000031506606002946/filing.txt
2007-02-13,CITADEL L P,1027745,SC 13G,6,0.4,0,160,0,6,https://www.sec.gov/Archives/edgar/data/1027745/000114420407007110/v064835_sc13ga.htm
2007-02-14,FMR CORP,315066,SC 13D/G,7635993,16.622,0,0,53499,0,https://www.sec.gov/Archives/edgar/data/315066/000031506607001799/filing.txt
2007-02-14,WELLINGTON MANAGEMENT CO LLP,902219,SC 13D/G,1153800,2.51,0,794800,0,1111600,https://www.sec.gov/Archives/edgar/data/902219/000090221907000791/sec_filing.htm
2007-04-10,FMR CORP,315066,SC 13D/G,14571664,9.607,0,0,0,0,https://www.sec.gov/Archives/edgar/data/315066/000031506607002579/filing.txt
2008-02-13,AMERICAN CENTURY INVESTMENT MANAGEMENT INC,52388,SC 13G,8607635,5.3,8265099,7,8607635,9,https://www.sec.gov/Archives/edgar/data/52388/000005238808000052/sc13g-a1.htm
2008-02-14,FMR LLC,315066,SC 13D/G,11308579,7.025,0,0,22500,0,https://www.sec.gov/Archives/edgar/data/315066/000031506608001659/filing.txt
2009-02-13,AMERICAN CENTURY INVESTMENT MANAGEMENT INC,52388,SC 13G,151951,0.1,140783,7,151951,9,https://www.sec.gov/Archives/edgar/data/52388/000005238809000038/sc13g-exit.htm
2009-02-17,FMR LLC,315066,SC 13D/G,7361630,4.495,0,0,165160,0,https://www.sec.gov/Archives/edgar/data/315066/000031506609001734/filing.txt
2010-12-09,BlackRock Inc.  (BLK),1364742,SC 13D/G,15152168,10.08,15152168,7,15152168,9,https://www.sec.gov/Archives/edgar/data/1364742/000108636410010030/gamestop11302010.txt
2011-01-10,BlackRock Inc.  (BLK),1364742,SC 13D/G,15349635,10.14,15349635,7,15349635,9,https://www.sec.gov/Archives/edgar/data/1364742/000108636411000165/gamestopcorpnew123110.txt
2011-07-11,FMR LLC,315066,SC 13D/G,15731949,11.123,0,0,243190,0,https://www.sec.gov/Archives/edgar/data/315066/000031506611003715/filing.txt
2012-02-09,RS INVESTMENT MANAGEMENT CO LLC,1085256,SC 13G,10684022,7.8,0,10484874,0,10684022,https://www.sec.gov/Archives/edgar/data/1085256/000108525612000012/gme13ga1.txt
2012-02-09,BlackRock Inc.  (BLK),1364742,SC 13D/G,13230913,9.7,13230913,7,13230913,9,https://www.sec.gov/Archives/edgar/data/1364742/000108636412000362/gamestop.corp..txt
2012-02-14,UBS GLOBAL ASSET MANAGEMENT AMERICAS INC,861177,SC 13D/G,6545856,4.8,4153581,0,0,6545856,https://www.sec.gov/Archives/edgar/data/861177/000086117712000009/gamestop_amend1.txt
2012-02-14,FMR LLC,315066,SC 13D/G,17803639,13.05,0,0,44535,0,https://www.sec.gov/Archives/edgar/data/315066/000031506612002663/filing.txt
2012-04-10,RS INVESTMENT MANAGEMENT CO LLC,1085256,SC 13G,14127253,10.5,0,13728375,0,14127253,https://www.sec.gov/Archives/edgar/data/1085256/000108525612000027/gme13ga2.txt
2012-04-11,BlackRock Inc.  (BLK),1364742,SC 13D/G,13411808,10.01,13411808,7,13411808,9,https://www.sec.gov/Archives/edgar/data/1364742/000108636412002323/gamestop.corp..txt
2013-02-08,BlackRock Inc.  (BLK),1364742,SC 13D/G,6677174,5.51,6677174,7,6677174,9,https://www.sec.gov/Archives/edgar/data/1364742/000130522713000463/gamestop.corp..txt
2013-02-12,VANGUARD GROUP INC,102909,SC 13D/G,7106851,5.86,221680,160,160,208080,https://www.sec.gov/Archives/edgar/data/102909/000093247113003716/gamestopcorp.htm
2013-02-13,GAMESTOP HOLDINGS CORP,1157644,SC 13D/G,4768928,3.9,4214963,0,4763394,5534,https://www.sec.gov/Archives/edgar/data/1157644/000153215513000043/gme1231_g.txt
2013-02-14,FMR LLC,315066,SC 13D/G,18623985,15.369,0,0,37856,0,https://www.sec.gov/Archives/edgar/data/315066/000031506613002471/filing.txt
2013-02-15,RS INVESTMENT MANAGEMENT CO LLC,1085256,SC 13G,6969004,5.6,0,6783180,0,6969004,https://www.sec.gov/Archives/edgar/data/1085256/000108525613000034/gme13ga2.txt
2014-01-28,ROYCE & ASSOCIATES LLC,906304,SC 13D/G,2648566,2.29,2648566,7,2648566,9,https://www.sec.gov/Archives/edgar/data/906304/000090630414000252/gme1.txt
2014-01-29,BlackRock Inc.  (BLK),1364742,SC 13D/G,8847707,7.6,6901209,7,8847707,9,https://www.sec.gov/Archives/edgar/data/1364742/000108636414000892/gamestop.corp..txt
2014-02-11,VANGUARD GROUP INC,102909,SC 13D/G,9233271,7.97,190173,160,160,177073,https://www.sec.gov/Archives/edgar/data/102909/000093247114003050/gamestop.htm
2014-02-14,RS INVESTMENT MANAGEMENT CO LLC,1085256,SC 13G,0,0.0,0,7,0,9,https://www.sec.gov/Archives/edgar/data/1085256/000119312514054022/d676690dsc13ga.htm
2014-02-14,FMR LLC,315066,SC 13D/G,13308045,11.491,0,0,36908,0,https://www.sec.gov/Archives/edgar/data/315066/000031506614002156/filing.txt
2015-02-09,BlackRock Inc.  (BLK),1364742,SC 13D/G,6085940,5.6,5092458,7,6085940,9,https://www.sec.gov/Archives/edgar/data/1364742/000021545715000196/gamestop.corp.class.a.txt
2015-02-10,VANGUARD GROUP INC,102909,SC 13D/G,8488944,7.82,189591,160,160,181960,https://www.sec.gov/Archives/edgar/data/102909/000093247115003975/gamestopcorp.htm
2015-02-13,FMR LLC,315066,SC 13D/G,16276675,14.999,0,0,0,0,https://www.sec.gov/Archives/edgar/data/315066/000031506615001971/filing.txt
2016-02-10,VANGUARD GROUP INC,102909,SC 13D/G,10201922,9.74,196245,9800,160,206514,https://www.sec.gov/Archives/edgar/data/102909/000093247116011131/gamestopcorp.htm
2016-02-10,BlackRock Inc.  (BLK),1364742,SC 13D/G,6241267,6.0,5264440,7,6241267,9,https://www.sec.gov/Archives/edgar/data/1364742/000021545716005585/gamestop.corp.clas.2015.txt
2016-02-11,AMERICAN INTERNATIONAL GROUP INC  (AIG),5272,SC 13G,7981966,7.6,0,7981966,0,7981966,https://www.sec.gov/Archives/edgar/data/5272/000119312516460037/d129796dsc13ga.htm
2016-02-12,Capital World Investors,1422849,SC 13D/G,500000,0.5,500000,7,500000,9,https://www.sec.gov/Archives/edgar/data/1422849/000142284916000608/edggme.txt
2016-02-12,FMR LLC,315066,SC 13D/G,15700286,14.999,0,0,0,0,https://www.sec.gov/Archives/edgar/data/315066/000031506616005088/filing.txt
2016-02-16,ALLIANCEBERNSTEIN L.P.,1109448,SC 13G,7999403,7.6,7061422,0,7995486,3917,https://www.sec.gov/Archives/edgar/data/1109448/000153215516000167/SEC13G_Filing.htm
2016-02-22,"STATE STREET CORP  (STT, STT-PG)",93751,SC 13D/G,5007731,4.8,0,5007731,0,5007731,https://www.sec.gov/Archives/edgar/data/93751/000009375116000519/gme.txt
2017-01-24,BlackRock Inc.  (BLK),1364742,SC 13D/G,7833349,7.7,7394433,7,7833349,9,https://www.sec.gov/Archives/edgar/data/1364742/000035348017000697/gamestop.corp.clas.txt
2017-02-10,AMERICAN INTERNATIONAL GROUP INC  (AIG),5272,SC 13G,200353,0.2,0,200353,0,200353,https://www.sec.gov/Archives/edgar/data/5272/000119312517038421/d335609dsc13ga.htm
2017-02-10,ALLIANCEBERNSTEIN L.P.,1109448,SC 13G,428586,0.4,411940,0,426626,1960,https://www.sec.gov/Archives/edgar/data/1109448/000153215517000086/SEC13G_Filing.htm
2017-02-13,VANGUARD GROUP INC,102909,SC 13D/G,8183568,8.03,61265,12123,160,67507,https://www.sec.gov/Archives/edgar/data/102909/000093247117002525/gamestopcorp.htm
2017-02-14,FMR LLC,315066,SC 13D/G,15281106,14.999,0,0,0,0,https://www.sec.gov/Archives/edgar/data/315066/000031506617001695/filing.txt
2018-01-25,BlackRock Inc.  (BLK),1364742,SC 13D/G,8860599,8.7,8315646,0,8860599,0,https://www.sec.gov/Archives/edgar/data/1364742/000021545718002908/us36467w1099_012418.txt
2018-02-06,IRIDIAN ASSET MANAGEMENT LLC/CT,1033427,SC 13G,160,12.5,160,160,160,160,https://www.sec.gov/Archives/edgar/data/1033427/000103342718000023/gamestop13ga112312017.htm
2018-02-12,VANGUARD GROUP INC,102909,SC 13D/G,8724163,8.61,53368,12123,160,57717,https://www.sec.gov/Archives/edgar/data/102909/000093247118004904/gamestopcorp.htm
2018-02-13,FMR LLC,315066,SC 13D/G,15195570,14.999,0,0,0,0,https://www.sec.gov/Archives/edgar/data/315066/000031506618001270/filing.txt
2018-07-10,BlackRock Inc.  (BLK),1364742,SC 13D/G,14249376,14.0,13749934,0,14249376,0,https://www.sec.gov/Archives/edgar/data/1364742/000021545718005796/us36467w1099_070518.txt
2018-12-10,VANGUARD GROUP INC,102909,SC 13D/G,10211927,10.01,89161,12123,160,100604,https://www.sec.gov/Archives/edgar/data/102909/000093247118007713/gamestopcorp.htm
2019-01-28,BlackRock Inc.  (BLK),1364742,SC 13D/G,15143071,14.9,14799316,0,15143071,0,https://www.sec.gov/Archives/edgar/data/1364742/000021545719001560/us36467w1099_012819.txt
2019-02-08,DIMENSIONAL FUND ADVISORS LP,354204,SC 13D/G,7200453,7.06,7105983,0,7200453,0,https://www.sec.gov/Archives/edgar/data/354204/000125889719001551/dfs722.htm
2019-02-11,VANGUARD GROUP INC,102909,SC 13D/G,10363882,10.16,100167,12123,160,100604,https://www.sec.gov/Archives/edgar/data/102909/000093247119004669/gamestopcorp.htm
2019-02-13,FMR LLC,315066,SC 13D/G,15201883,14.908,0,0,0,0,https://www.sec.gov/Archives/edgar/data/315066/000031506619001099/filing.txt
2019-12-13,HESTIA CAPITAL PARTNERS LP,1456565,SC 13D,924100,1.4,0,924100,0,924100,https://www.sec.gov/Archives/edgar/data/1456565/000092189519002992/sc13da112166002_12132019.htm
2020-01-09,DIMENSIONAL FUND ADVISORS LP,354204,SC 13D/G,7127360,10.81,7003666,0,7127360,0,https://www.sec.gov/Archives/edgar/data/354204/000035420420000005/GameStop2020.txt
2020-02-04,BlackRock Inc.  (BLK),1364742,SC 13D/G,11271702,17.1,10888316,0,11271702,0,https://www.sec.gov/Archives/edgar/data/1364742/000083423720002055/us36467w1099_020320.txt
2020-02-07,FMR LLC,315066,SC 13D/G,11620064,17.626,0,0,0,0,https://www.sec.gov/Archives/edgar/data/315066/000031506620000967/filing.txt
2020-02-11,VANGUARD GROUP INC,102909,SC 13D/G,9516181,14.43,81386,12123,9434358,81823,https://www.sec.gov/Archives/edgar/data/102909/000110465920016604/tv0294-gamestopcorp.htm
2020-03-12,HESTIA CAPITAL PARTNERS LP,1456565,SC 13D,906600,1.38,0,906600,0,906600,https://www.sec.gov/Archives/edgar/data/1456565/000119380520000339/sc13da212166002_03122020.htm
2020-03-23,HESTIA CAPITAL PARTNERS LP,1456565,SC 13D,906600,1.38,0,906600,0,906600,https://www.sec.gov/Archives/edgar/data/1456565/000119380520000384/sc13da312166002_03232020.htm
2020-04-27,HESTIA CAPITAL PARTNERS LP,1456565,SC 13D,906600,1.41,0,906600,0,906600,https://www.sec.gov/Archives/edgar/data/1456565/000092189520001202/sc13da412166002_04272020.htm
2020-05-06,"Scion Asset Management, LLC",1649339,SC 13D,160,4.3,160,160,160,160,https://www.sec.gov/Archives/edgar/data/1649339/000090514820000563/efc20-411_sc13da.htm
2020-06-12,HESTIA CAPITAL PARTNERS LP,1456565,SC 13D,948600,1.46,0,948600,0,948600,https://www.sec.gov/Archives/edgar/data/1456565/000092189520001762/sc13da512166002_06122020.htm
2020-07-10,VANGUARD GROUP INC,102909,SC 13D/G,5419336,8.37,0,66829,5312076,107260,https://www.sec.gov/Archives/edgar/data/102909/000110465920082654/tv0009-gamestopcorpclassa.htm
2020-08-31,RC Ventures LLC,1822844,SC 13D,160,9.6,160,160,160,160,https://www.sec.gov/Archives/edgar/data/1822844/000101359420000673/rc13da1-083120.htm
2020-09-08,"Permit Capital, LLC",1313978,SC 13D,2554031,3.94,0,2554031,0,2554031,https://www.sec.gov/Archives/edgar/data/1313978/000092189520002369/sc13da612166002_09042020.htm
2020-09-21,RC Ventures LLC,1822844,SC 13D,160,9.98,160,160,160,160,https://www.sec.gov/Archives/edgar/data/1822844/000101359420000699/rc13da2-091820.htm
2020-11-17,RC Ventures LLC,1822844,SC 13D,160,9.98,160,160,160,160,https://www.sec.gov/Archives/edgar/data/1822844/000101359420000821/rc13da3-111620.htm
2020-12-21,RC Ventures LLC,1822844,SC 13D,9001000,12.9,9001000,0,9001000,0,https://www.sec.gov/Archives/edgar/data/1822844/000119380520001571/e620151_sc13da-gamestop.htm
2021-01-11,RC Ventures LLC,1822844,SC 13D,9001000,12.9,9001000,0,9001000,0,https://www.sec.gov/Archives/edgar/data/1822844/000119380521000031/e620202_sc13da-gamestop.htm
2021-01-26,BlackRock Inc.  (BLK),1364742,SC 13D/G,9217335,13.2,9006582,0,9217335,0,https://www.sec.gov/Archives/edgar/data/1364742/000083423721001340/us36467w1099_012621.txt
2021-01-28,Must Asset Management Inc.,1806987,SC 13G,0,0.0,0,0,0,0,https://www.sec.gov/Archives/edgar/data/1806987/000119312521019848/d945183dsc13ga.htm
2021-02-08,FMR LLC,315066,SC 13D/G,9276087,13.299,0,0,0,0,https://www.sec.gov/Archives/edgar/data/315066/000031506621001050/filing.txt
2021-02-10,FMR LLC,315066,SC 13D/G,87,0.0,0,0,0,0,https://www.sec.gov/Archives/edgar/data/315066/000031506621001389/filing.txt
2021-02-10,VANGUARD GROUP INC,102909,SC 13D/G,5162095,7.4,0,58437,5053431,108664,https://www.sec.gov/Archives/edgar/data/102909/000110465921018148/tv0931-gamestopcorpclassa.htm
2021-02-12,"Senvest Management, LLC",1328785,SC 13G,5050915,7.24,0,5050915,0,5050915,https://www.sec.gov/Archives/edgar/data/1328785/000090266421001289/p21-0581sc13ga.htm
2021-02-12,"STATE STREET CORP  (STT, STT-PG)",93751,SC 13D/G,2445216,3.51,0,2194149,0,2445216,https://www.sec.gov/Archives/edgar/data/93751/000009375121000355/GameStopCorp.txt
2021-02-12,FOSS DONALD A,901185,SC 13G,0,0.0,0,0,0,0,https://www.sec.gov/Archives/edgar/data/901185/000110465921022073/tm216322d2_sc13ga.htm
2021-09-09,BlackRock Inc.  (BLK),1364742,SC 13D/G,4720618,6.6,4541423,0,4720618,0,https://www.sec.gov/Archives/edgar/data/1364742/000083423721008979/us36467w1099_090921.txt
2022-02-01,BlackRock Inc.  (BLK),1364742,SC 13D/G,5194518,6.8,5012837,0,5194518,0,https://www.sec.gov/Archives/edgar/data/1364742/000083423722004089/us36467w1099_012822.txt
2022-02-08,DIMENSIONAL FUND ADVISORS LP,354204,SC 13G,8107,0.0,8107,0,8107,0,https://www.sec.gov/Archives/edgar/data/354204/000035420422001549/SEC13G_Filing.htm
2022-02-09,"Senvest Management, LLC",1328785,SC 13G,0,0.0,0,0,0,0,https://www.sec.gov/Archives/edgar/data/1328785/000090266422001301/p22-0643sc13ga.htm
2022-02-10,VANGUARD GROUP INC,102909,SC 13D/G,5931837,7.77,0,38230,5837633,94204,https://www.sec.gov/Archives/edgar/data/102909/000110465922017613/tv0960-gamestopcorpclassa.htm
2022-02-14,"SUSQUEHANNA SECURITIES, LLC",1446580,SC 13G,3056239,4.0,4751,3056239,4751,3056239,https://www.sec.gov/Archives/edgar/data/1446580/000110465922022357/tm225754d8_sc13ga.htm
2022-02-14,MAVERICK CAPITAL LTD,934639,SC 13G,0,0.0,0,0,0,0,https://www.sec.gov/Archives/edgar/data/934639/000119312522042029/d254393dsc13ga.htm
2022-03-22,RC Ventures LLC,1822844,SC 13D,9101000,11.9,9101000,0,9101000,0,https://www.sec.gov/Archives/edgar/data/1822844/000092189522000946/sc13da612128005_03222022.htm
2023-02-03,BlackRock Inc.  (BLK),1364742,SC 13D/G,21977404,7.2,21237107,0,21977404,0,https://www.sec.gov/Archives/edgar/data/1364742/000130655023006550/us36467w1099_020323.txt
2023-02-09,VANGUARD GROUP INC,102909,SC 13D/G,24664433,8.1,0,91753,24315967,348466,https://www.sec.gov/Archives/edgar/data/102909/000110465923016010/tv0961-gamestopcorpclassa.htm
2023-06-13,RC Ventures LLC,1822844,SC 13D,36847842,12.1,36847842,0,36847842,0,https://www.sec.gov/Archives/edgar/data/1822844/000092189523001480/sc13da712128005_06132023.htm
2024-01-26,BlackRock Inc.  (BLK),1364742,SC 13D/G,22544527,7.4,21875886,0,22544527,0,https://www.sec.gov/Archives/edgar/data/1364742/000108636424004581/us36467w1099_012624.txt
2024-02-13,VANGUARD GROUP INC,102909,SC 13D/G,25450256,8.33,0,93857,25068626,381630,https://www.sec.gov/Archives/edgar/data/102909/000110465924020991/tv0991-gamestopcorpclassa.htm
2024-05-24,RC Ventures LLC,1822844,SC 13D,36847842,10.5,36847842,0,36847842,0,https://www.sec.gov/Archives/edgar/data/1822844/000119380524000707/sc13da812128005_05242024.htm
2024-06-11,RC Ventures LLC,1822844,SC 13D,36847842,8.6,36847842,0,36847842,0,https://www.sec.gov/Archives/edgar/data/1822844/000092189524001394/sc13da912128005_06112024.htm
