week_ending,symbol,total_weekly_volume,ats_volume,otc_volume,ats_pct
2021-12-06,GME,5705048,1382260,4322788,0.24228718145754427
2021-12-13,GME,7962108,2027601,5934507,0.25465630458667476
2021-12-20,GME,2050161,351572,1698589,0.1714850687336263
2021-12-27,GME,3472738,546632,2926106,0.15740663418893103
2022-01-03,GME,9507762,1847708,7660054,0.19433679555714584
2022-01-10,GME,6296499,1421441,4875058,0.2257510086160579
2022-01-17,GME,5644260,1255554,4388706,0.22244793825939982
2022-01-24,GME,10514635,2706843,7807792,0.25743575502145344
2022-01-31,GME,6477159,1345118,5132041,0.2076709866162001
2022-02-07,GME,7547597,1652658,5894939,0.21896479104541486
2022-02-14,GME,4003398,824690,3178708,0.20599750511940107
2022-02-21,GME,2735495,535292,2200203,0.19568377935254863
2022-02-28,GME,2490857,595662,1895195,0.2391393805425201
2022-03-07,GME,3765650,1062833,2702817,0.28224423406317634
2022-03-14,GME,9687915,1847286,7840629,0.19067941863651777
2022-03-21,GME,31957534,4623708,27333826,0.1446828782220806
2022-03-28,GME,31268839,4537604,26731235,0.1451158452029511
2022-04-04,GME,8819176,1172622,7646554,0.1329627620539606
2022-04-11,GME,3932906,571680,3361226,0.14535816518370895
2022-04-18,GME,3867803,743820,3123983,0.19231072523600606
2022-04-25,GME,3080382,693451,2386931,0.22511850802919897
2022-05-02,GME,4157997,1051618,3106379,0.2529145643924226
2022-05-09,GME,11464264,2877205,8587059,0.2509716280085664
2022-05-16,GME,6621852,1169866,5451986,0.17666749422971095
2022-05-23,GME,18488823,2901925,15586898,0.1569556374681071
2022-05-30,GME,9566106,1460825,8105281,0.15270842702349316
2022-06-06,GME,10298374,1623351,8675023,0.15763177759906563
2022-06-13,GME,7462782,1313379,6149403,0.1759905354330329
2022-06-20,GME,5121097,779363,4341734,0.15218672874190822
2022-06-27,GME,4381706,633616,3748090,0.14460486395025135
2022-07-04,GME,6590926,1030242,5560684,0.1563121782887564
2022-07-11,GME,7917923,1132903,6785020,0.14308083066733537
2022-07-18,GME,8726322,1397954,7328368,0.1601996809194068
2022-07-25,GME,9222628,1137355,8085273,0.12332222442453496
2022-08-01,GME,11908461,1770683,10137778,0.14869117008486654
2022-08-08,GME,17676123,2890596,14785527,0.16353110916913172
2022-08-15,GME,25220476,4665156,20555320,0.18497493861733616
2022-08-22,GME,9695592,2166981,7528611,0.22350166962471193
2022-08-29,GME,9216673,2399937,6816736,0.2603908156446475
2022-09-05,GME,17350102,3160302,14189800,0.18214890033499515
2022-09-12,GME,8993297,1742969,7250328,0.1938075657903881
2022-09-19,GME,8032483,1864627,6167856,0.232135816533941
2022-09-26,GME,7391759,1430491,5961268,0.19352511357580787
2022-10-03,GME,6218371,1278805,4939566,0.20564951817767066
2022-10-10,GME,6905528,1642477,5263051,0.2378495894883056
2022-10-17,GME,7766438,2472112,5294326,0.3183070540188436
2022-10-24,GME,11156967,2137451,9019516,0.1915799338655389
2022-10-31,GME,19141548,2568236,16573312,0.13417075776734463
2022-11-07,GME,9894471,2319224,7575247,0.23439595709563452
2022-11-14,GME,6948758,1436993,5511765,0.2067985386741055
2022-11-21,GME,5096319,957703,4138616,0.1879205363714477
2022-11-28,GME,9279258,1563302,7715956,0.16847273779864727
2022-12-05,GME,14529354,4862145,9667209,0.33464288914703294
2022-12-12,GME,12662999,2259754,10403245,0.1784533032025036
2022-12-19,GME,7172194,1647756,5524438,0.22974225181304353
2022-12-26,GME,7082938,1527465,5555473,0.21565415368594218
2023-01-02,GME,8816393,2253390,6563003,0.2555909202323445
2023-01-09,GME,12729789,2445857,10283932,0.1921364918145933
2023-01-16,GME,8225894,1863047,6362847,0.226485656148742
2023-01-23,GME,13070831,2743148,10327683,0.20986791122920953
2023-01-30,GME,10308498,2059779,8248719,0.19981368769727656
2023-02-06,GME,12553047,2990987,9562060,0.23826780860455632
2023-02-13,GME,7787480,1900684,5886796,0.2440691982515525
2023-02-20,GME,3723925,736285,2987640,0.19771746208637392
2023-02-27,GME,6733473,1336539,5396934,0.19849177385875016
2023-03-06,GME,4638552,1051207,3587345,0.22662395506183827
2023-03-13,GME,6356351,1886881,4469470,0.29684971770753377
2023-03-20,GME,52467929,9786965,42680964,0.18653232911098894
2023-03-27,GME,10434208,1963876,8470332,0.1882151477141341
2023-04-03,GME,5372130,1009274,4362856,0.187872222005052
2023-04-10,GME,4289478,978686,3310792,0.22815969682091852
2023-04-17,GME,4511922,1033603,3478319,0.22908263928321457
2023-04-24,GME,4734321,1117664,3616657,0.2360769369039404
2023-05-01,GME,5253865,1015157,4238708,0.19322099064212728
2023-05-08,GME,3997504,878763,3118741,0.2198279226237172
2023-05-15,GME,6082025,1209282,4872743,0.1988288440116573
2023-05-22,GME,6757231,1851088,4906143,0.27394179657318213
2023-05-29,GME,6954784,1574910,5379874,0.22644987967994404
2023-06-05,GME,50376972,9341376,41035596,0.1854294855196934
2023-06-12,GME,36978220,6367666,30610554,0.17220044664129316
2023-06-19,GME,7709970,1647006,6062964,0.2136202864602586
2023-06-26,GME,11927970,2401406,9526564,0.20132562372306437
2023-07-03,GME,3632345,741324,2891021,0.20408964456845372
2023-07-10,GME,10146732,2411152,7735580,0.23762843051339091
2023-07-17,GME,9248104,2520904,6727200,0.2725860349321331
2023-07-24,GME,5207185,863763,4343422,0.1658790690171369
2023-07-31,GME,4503961,986908,3517053,0.2191200145827195
2023-08-07,GME,3331703,780757,2550946,0.23434171653355657
2023-08-14,GME,4707787,1481078,3226709,0.3146017438766877
2023-08-21,GME,12813380,3553698,9259682,0.27734274641039286
2023-08-28,GME,10769194,2237206,8531988,0.20774126643089538
2023-09-04,GME,15911934,3940304,11971630,0.2476319974680639
2023-09-11,GME,14988122,4024496,10963626,0.26851235932026707
2023-09-18,GME,8731370,3438850,5292520,0.39384999146754746
2023-09-25,GME,6975514,1511277,5464237,0.21665457197849505
2023-10-02,GME,14338086,3170346,11167740,0.22111361307220503
2023-10-09,GME,9155424,2520902,6634522,0.2753451942804615
2023-10-16,GME,15755238,4727944,11027294,0.300087120232649
2023-10-23,GME,9301928,2859872,6442056,0.3074493803865177
2023-10-30,GME,13162510,3793772,9368738,0.2882255739976646
2023-11-06,GME,9684464,2556718,7127746,0.2640020139472871
2023-11-13,GME,7512545,2290709,5221836,0.3049178407583582
2023-11-20,GME,3513092,1126078,2387014,0.3205375777235552
2023-11-27,GME,58240028,5826043,52413985,0.10003503088975163
2023-12-04,GME,37878900,5556550,32322350,0.14669248579024205
2023-12-11,GME,15187878,2330221,12857657,0.15342637068851883
2023-12-18,GME,11477959,1898715,9579244,0.16542270276448975
2023-12-25,GME,7296985,1204427,6092558,0.16505817128581188
2024-01-01,GME,5518770,1313371,4205399,0.23798255770760512
2024-01-08,GME,5830686,1346204,4484482,0.23088260969635477
2024-01-15,GME,4921625,1183274,3738351,0.24042343738094635
2024-01-22,GME,6423788,1969304,4454484,0.3065642888588478
2024-01-29,GME,4410064,1246148,3163916,0.28256914185372367
2024-02-05,GME,6042391,1263459,4778932,0.2090991794473413
2024-02-12,GME,4868337,996725,3871612,0.20473623744617514
2024-02-19,GME,3851963,683607,3168356,0.17746977320394822
2024-02-26,GME,6174031,1309478,4864553,0.21209449709598155
2024-03-04,GME,6443002,1275256,5167746,0.19792885366169372
2024-03-11,GME,4846146,1150703,3695443,0.23744703523170785
2024-03-18,GME,6843591,1792402,5051189,0.2619095734973057
2024-03-25,GME,24789888,5257364,19532524,0.21207695653969877
2024-04-01,GME,11757186,2946993,8810193,0.2506546209271504
2024-04-08,GME,6643168,1469902,5173266,0.2212652156320599
2024-04-15,GME,6744141,1594975,5149166,0.23649787274613623
2024-04-22,GME,9692525,2136848,7555677,0.2204635015127637
2024-04-29,GME,24893302,5054796,19838506,0.2030584773365944
2024-05-06,GME,86380492,11937276,74443216,0.13819411910735585
2024-05-13,GME,307512261,44330291,263181970,0.1441577999389104
2024-05-20,GME,119128895,33156803,85972092,0.27832712626101336
2024-05-27,GME,100744721,10351606,90393115,0.10275085282136023
2024-06-03,GME,358989223,63785796,295203427,0.17768164589163726
2024-06-10,GME,317445505,61272678,256172827,0.19301794177239964
2024-06-17,GME,98583350,10641956,87941394,0.10794881691482386
2024-06-24,GME,67363448,6124399,61239049,0.09091575894393054
2024-07-01,GME,36695385,3840759,32854626,0.10466599546509732
2024-07-08,GME,39919073,3174592,36744481,0.07952569439676117
2024-07-15,GME,52266763,5766148,46500615,0.11032150584875516
2024-07-22,GME,24717433,2861819,21855614,0.11578140011545697
2024-07-29,GME,22114536,2611471,19503065,0.11808843739701344
2024-08-05,GME,16769820,2097227,14672593,0.1250596011167681
2024-08-12,GME,9689248,1111429,8577819,0.11470745717314698
2024-08-19,GME,8805965,1176333,7629632,0.13358365607857856
2024-08-26,GME,19684024,2242412,17441612,0.11392040570566263
2024-09-02,GME,25266646,2750093,22516553,0.10884281989782102
2024-09-09,GME,38935276,10509874,28425402,0.26993192497209983
2024-09-16,GME,40647837,5810587,34837250,0.14294947600778857
2024-09-23,GME,22274165,2397323,19876842,0.1076279627092643
2024-09-30,GME,17302606,1480610,15821996,0.0855715029285184
2024-10-07,GME,11930104,977911,10952193,0.08197003144314584
2024-10-14,GME,13747459,1470436,12277023,0.10696056631265458
2024-10-21,GME,10486341,823643,9662698,0.07854436547504988
2024-10-28,GME,24481579,2230438,22251141,0.09110678686207291
2024-11-04,GME,20412049,2034066,18377983,0.0996502604907523
2024-11-11,GME,52918728,4401986,48516742,0.08318389663485487
2024-11-18,GME,32448192,3224565,29223627,0.09937579881184135
2024-11-25,GME,32542028,3990324,28551704,0.12262063077322655
2024-12-02,GME,43332989,5824343,37508646,0.13440898341907595
2024-12-09,GME,34219881,4305503,29914378,0.12581876015290644
2024-12-16,GME,36013812,4530009,31483803,0.12578532369747475
2024-12-23,GME,23773532,2384627,21388905,0.10030596210945854
2024-12-30,GME,16984633,1897560,15087073,0.11172216673742671
2025-01-06,GME,19894104,3518471,16375633,0.17685998826587013
2025-01-13,GME,19469619,2647267,16822352,0.13596912194326966
2025-01-20,GME,12593979,2078328,10515651,0.16502552529268152
2025-01-27,GME,9520095,1671955,7848140,0.17562377266193246
2025-02-03,GME,10860214,2254347,8605867,0.20757850627989466
2025-02-10,GME,20927184,3630921,17296263,0.1735026078998493
2025-02-17,GME,12207693,2047457,10160236,0.1677185853215673
2025-02-24,GME,12631101,2606149,10024952,0.20632793609994884
2025-03-03,GME,9435555,2348340,7087215,0.24888202124835265
2025-03-10,GME,10664044,2488649,8175395,0.23336822316186992
2025-03-17,GME,7808916,1565698,6243218,0.2005013243835636
2025-03-24,GME,110421791,29423837,80997954,0.2664676666945205
2025-03-31,GME,43717422,8401322,35316100,0.19217331708168886
2025-04-07,GME,35755487,8562758,27192729,0.23948095015458745
2025-04-14,GME,16329671,3565950,12763721,0.21837243383531732
2025-04-21,GME,21400313,3819453,17580860,0.17847650172219442
2025-04-28,GME,16705012,3290207,13414805,0.19695927186403697
2025-05-05,GME,16942130,4355508,12586622,0.25708148857316054
2025-05-12,GME,27094936,5254442,21840494,0.19392708659655072
2025-05-19,GME,35776893,6956573,28820320,0.1944431843201141
2025-05-26,GME,53961114,10747079,43214035,0.19916340125965523
2025-06-02,GME,18347623,3503423,14844200,0.19094696898884395
2025-06-09,GME,149563222,42767039,106796183,0.2859462268070154
2025-06-16,GME,53269400,8790997,44478403,0.1650290222904707
2025-06-23,GME,34900369,4467747,30432622,0.1280143198485953
2025-06-30,GME,16842322,3112582,13729740,0.18480717801262794
2025-07-07,GME,30388128,5105741,25282387,0.16801762188180858
2025-07-14,GME,22005066,3752377,18252689,0.17052332403820103
2025-07-21,GME,30235572,5349585,24885987,0.1769301735055649
2025-07-28,GME,31170057,3548623,27621434,0.11384717711616632
2025-08-04,GME,14012542,2411479,11601063,0.17209432806695601
2025-08-11,GME,14175482,2492383,11683099,0.1758235099166293
2025-08-18,GME,13857722,2439203,11418519,0.17601760231587846
2025-08-25,GME,17305450,3560530,13744920,0.20574616667003748
2025-09-01,GME,20969482,3645745,17323737,0.17385956410368172
2025-09-08,GME,62223505,8913876,53309629,0.1432557680574246
2025-09-15,GME,24411816,4160068,20251748,0.17041206602573114
2025-09-22,GME,22417272,4571842,17845430,0.20394283479274375
2025-09-29,GME,25167394,5310792,19856602,0.21101874910052268
2025-10-06,GME,26171747,5180159,20991588,0.1979294313062097
2025-10-13,GME,15398554,2799085,12599469,0.18177583427638724
2025-10-20,GME,21809814,3280983,18528831,0.15043608349892393
2025-10-27,GME,19371716,3557418,15814298,0.1836397973210014
2025-11-03,GME,13817847,3344765,10473082,0.242061227049337
2025-11-10,GME,13953573,2959717,10993856,0.21211176520881067
2025-11-17,GME,14430493,3082712,11347781,0.21362485675298828
2025-11-24,GME,11589493,3449417,8140076,0.2976331233816699
2025-12-01,GME,19782043,4272252,15509791,0.2159661668918625
2025-12-08,GME,17942519,4653975,13288544,0.259382475782804
2025-12-15,GME,14475042,2850096,11624946,0.19689725252610665
2025-12-22,GME,9505535,1758420,7747115,0.18498906163619408
2025-12-29,GME,10725834,2712626,8013208,0.2529058346418563
2026-01-05,GME,18803137,2988231,15814906,0.15892193946148453
2026-01-12,GME,11260795,2066968,9193827,0.18355435828465042
2026-01-19,GME,19309753,4047203,15262550,0.20959372188758707
2026-01-26,GME,46332151,8875656,37456495,0.1915658092368731
