date,symbol,short_volume,total_volume,short_exempt_volume,short_volume_ratio
2019-02-22,GME,670667,1058203,3100,0.633779
2019-02-25,GME,934745,1541190,6639,0.606509
2019-02-26,GME,355093,734500,2337,0.483449
2019-02-27,GME,759069,1351553,315,0.561627
2019-02-28,GME,404170,867701,500,0.465794
2019-03-01,GME,288735,560990,0,0.514688
2019-03-04,GME,323865,588226,649,0.550579
2019-03-05,GME,1460020,1991870,4120,0.73299
2019-03-06,GME,570480,951946,100,0.599278
2019-03-07,GME,405320,638966,136,0.634337
2019-03-08,GME,1646349,2398751,7302,0.686336
2019-03-11,GME,390985,753576,500,0.51884
2019-03-12,GME,475526,713460,301,0.666507
2019-03-13,GME,431822,627810,0,0.687823
2019-03-14,GME,619282,909009,1801,0.681272
2019-03-15,GME,418348,555137,210,0.753594
2019-03-18,GME,295147,551256,1000,0.535408
2019-03-19,GME,706031,944790,30,0.747289
2019-03-20,GME,858888,1334816,0,0.64345
2019-03-21,GME,484863,770199,4100,0.62953
2019-03-22,GME,577943,923665,2407,0.625706
2019-03-25,GME,1056651,1665477,3,0.634443
2019-03-26,GME,655537,1170105,1175,0.560238
2019-03-27,GME,339435,676064,400,0.502075
2019-03-28,GME,516393,916064,112,0.563708
2019-03-29,GME,544517,892890,1926,0.609837
2019-04-01,GME,778552,1293865,1210,0.601726
2019-04-02,GME,1900445,2571155,1560,0.739141
2019-04-03,GME,6883745,11799415,163657,0.583397
2019-04-04,GME,1614739,3657786,27272,0.441453
2019-04-05,GME,1356596,2054028,100,0.660456
2019-04-08,GME,1068939,1456333,827,0.733994
2019-04-09,GME,524065,950669,0,0.551259
2019-04-10,GME,382658,790251,0,0.484223
2019-04-11,GME,316427,561907,300,0.563131
2019-04-12,GME,1080156,1875009,6216,0.57608
2019-04-15,GME,1355390,2133034,1180,0.635428
2019-04-16,GME,656169,2040092,1820,0.321637
2019-04-17,GME,1168695,1699334,209,0.687737
2019-04-18,GME,614790,1256623,589,0.48924
2019-04-22,GME,1964752,2733534,14342,0.718759
2019-04-23,GME,1346074,2084386,9810,0.645789
2019-04-24,GME,1409196,2233857,300,0.630835
2019-04-25,GME,563677,858305,495,0.656733
2019-04-26,GME,295265,741517,4100,0.39819
2019-04-29,GME,475541,887847,100,0.535611
2019-04-30,GME,389338,884068,88,0.440394
2019-05-01,GME,636228,866734,100,0.734052
2019-05-02,GME,544293,870838,1000,0.625022
2019-05-03,GME,305016,618773,0,0.492937
2019-05-06,GME,305713,611982,1000,0.499546
2019-05-07,GME,524954,800223,3500,0.65601
2019-05-08,GME,334076,542711,900,0.615569
2019-05-09,GME,321022,655337,13996,0.489858
2019-05-10,GME,497951,676981,6100,0.735546
2019-05-13,GME,513403,797899,15476,0.643444
2019-05-14,GME,416829,1000251,1500,0.416724
2019-05-15,GME,358970,640640,200,0.56033
2019-05-16,GME,232726,462556,0,0.50313
2019-05-17,GME,235129,467696,2300,0.502739
2019-05-20,GME,1373171,2023543,2641,0.678597
2019-05-21,GME,914342,1719765,5676,0.531667
2019-05-22,GME,1237633,1689445,13739,0.732568
2019-05-23,GME,1000257,1349983,2700,0.74094
2019-05-24,GME,300393,582901,0,0.515341
2019-05-28,GME,507557,997164,2346,0.509001
2019-05-29,GME,1072955,1384375,7751,0.775047
2019-05-30,GME,482072,637290,0,0.756441
2019-05-31,GME,875210,1050803,2862,0.832896
2019-06-03,GME,1074873,1296943,363,0.828774
2019-06-04,GME,1928441,2374992,2200,0.811978
2019-06-05,GME,11468734,19047162,741051,0.602123
2019-06-06,GME,3961080,6277843,162900,0.630962
2019-06-07,GME,2024085,3278907,1400,0.617305
2019-06-10,GME,4500426,6645132,2337,0.677252
2019-06-11,GME,2472169,4972584,13032,0.49716
2019-06-12,GME,1036299,1607635,605,0.644611
2019-06-13,GME,930406,1583708,100,0.587486
2019-06-14,GME,1074727,2885620,1000,0.372442
2019-06-17,GME,418882,1230821,800,0.340327
2019-06-18,GME,698990,1075649,0,0.649831
2019-06-19,GME,571914,884296,3621,0.646745
2019-06-20,GME,640482,986839,200,0.649024
2019-06-21,GME,911528,1678952,594,0.542915
2019-06-24,GME,924763,1397560,5382,0.661698
2019-06-25,GME,432347,756443,1004,0.571553
2019-06-26,GME,565969,973603,0,0.581314
2019-06-27,GME,563441,859180,68,0.655789
2019-06-28,GME,396506,760688,48506,0.521247
2019-07-01,GME,998757,1335035,3350,0.748113
2019-07-02,GME,978190,1397295,4291,0.70006
2019-07-03,GME,583894,757398,200,0.770921
2019-07-05,GME,2231416,3141362,300,0.710334
2019-07-08,GME,1018659,1241856,0,0.820271
2019-07-09,GME,1811765,2708376,0,0.668949
2019-07-10,GME,1301899,2839415,796,0.45851
2019-07-11,GME,2471825,4444993,9506,0.556092
2019-07-12,GME,794385,1435622,0,0.553339
2019-07-15,GME,785286,1115766,1640,0.703809
2019-07-16,GME,1118010,1568663,600,0.712715
2019-07-17,GME,1759619,2487678,600,0.707334
2019-07-18,GME,1880572,2502196,784,0.751569
2019-07-19,GME,1799149,2711232,3800,0.663591
2019-07-22,GME,1302084,1681031,0,0.774575
2019-07-23,GME,1909142,4126011,2500,0.462709
2019-07-24,GME,685456,2022053,4600,0.33899
2019-07-25,GME,1510379,2199514,14416,0.686688
2019-07-26,GME,783742,1167801,157,0.671126
2019-07-29,GME,714646,1243165,1564,0.57486
2019-07-30,GME,1288401,1867521,816,0.689899
2019-07-31,GME,942198,1439294,0,0.654625
2019-08-01,GME,1474112,2027659,42975,0.727002
2019-08-02,GME,909048,1100427,6454,0.826087
2019-08-05,GME,1381542,1844076,0,0.749178
2019-08-06,GME,711637,1022134,1,0.696227
2019-08-07,GME,477534,2343975,700,0.203728
2019-08-08,GME,390215,655155,400,0.595607
2019-08-09,GME,669537,973690,9300,0.687629
2019-08-12,GME,694912,987042,1330,0.704035
2019-08-13,GME,960574,1488961,6079,0.64513
2019-08-14,GME,1218643,1632647,2500,0.746422
2019-08-15,GME,1455672,1938309,4437,0.751001
2019-08-16,GME,550761,899053,0,0.612601
2019-08-19,GME,406366,735185,5,0.55274
2019-08-20,GME,1041512,1619899,1752,0.642949
2019-08-21,GME,830032,2198439,8903,0.377555
2019-08-22,GME,7193788,11155749,35989,0.64485
2019-08-23,GME,2418458,3836455,33841,0.630389
2019-08-26,GME,3033502,4534062,31094,0.669047
2019-08-27,GME,1581258,2648503,6768,0.597038
2019-08-28,GME,1800468,2718185,7,0.662379
2019-08-29,GME,3945658,6557126,6947,0.601736
2019-08-30,GME,2537270,4145865,14103,0.612
2019-09-03,GME,2330705,3709390,33842,0.628326
2019-09-04,GME,1035301,1842439,7570,0.561919
2019-09-05,GME,1497219,2769210,1458,0.540666
2019-09-06,GME,1567278,2352861,20919,0.666116
2019-09-09,GME,3379056,5704751,14557,0.592323
2019-09-10,GME,2976330,5357983,11780,0.555494
2019-09-11,GME,10001988,15507095,540926,0.644994
2019-09-12,GME,2710731,4244044,169035,0.638714
2019-09-13,GME,1736839,2850107,8837,0.609394
2019-09-16,GME,1362339,2305881,4181,0.590811
2019-09-17,GME,1663011,2776604,12517,0.598937
2019-09-18,GME,1741987,3114315,1300,0.559348
2019-09-19,GME,1099806,1383539,1201,0.794922
2019-09-20,GME,1659828,2493176,2063,0.665748
2019-09-23,GME,3003283,4498666,4795,0.667594
2019-09-24,GME,2389454,4117180,2762,0.580362
2019-09-25,GME,2405280,3840762,903,0.626251
2019-09-26,GME,1181714,1965295,3700,0.601291
2019-09-27,GME,1036185,1707620,380,0.606801
2019-09-30,GME,1446649,2392920,9421,0.604554
2019-10-01,GME,1395445,2636767,7113,0.529226
2019-10-02,GME,1270679,2441546,2315,0.52044
2019-10-03,GME,765411,1157628,32899,0.661189
2019-10-04,GME,606749,1147855,1590,0.528594
2019-10-07,GME,693398,1216354,4001,0.570063
2019-10-08,GME,713763,1170756,6067,0.60966
2019-10-09,GME,563184,1309385,9600,0.430113
2019-10-10,GME,795239,1299392,2141,0.612009
2019-10-11,GME,1132038,1896198,8300,0.597004
2019-10-14,GME,1165147,1712041,23783,0.68056
2019-10-15,GME,1514916,2196606,70601,0.689662
2019-10-16,GME,609658,1336163,3683,0.456275
2019-10-17,GME,692604,1351853,3420,0.512337
2019-10-18,GME,905847,1448136,18518,0.625526
2019-10-21,GME,871978,1340590,7903,0.650443
2019-10-22,GME,884955,1663614,1751,0.531947
2019-10-23,GME,1088816,1720589,7523,0.632816
2019-10-24,GME,1004115,1580643,2031,0.635257
2019-10-25,GME,457403,789487,2110,0.579367
2019-10-28,GME,567865,982049,8941,0.578245
2019-10-29,GME,797123,1352238,6700,0.589484
2019-10-30,GME,980932,1566863,2335,0.626048
2019-10-31,GME,1186348,1820175,10020,0.651777
2019-11-01,GME,1651253,2266621,10150,0.728509
2019-11-04,GME,1176029,1525875,9888,0.770724
2019-11-05,GME,683303,1243742,4540,0.549393
2019-11-06,GME,959598,1425585,4711,0.673126
2019-11-07,GME,469918,785376,1300,0.598335
2019-11-08,GME,469158,668184,300,0.702139
2019-11-11,GME,698211,1154507,7013,0.60477
2019-11-12,GME,486954,668259,200,0.728691
2019-11-13,GME,214649,371507,1130,0.577779
2019-11-14,GME,327234,559219,3501,0.585163
2019-11-15,GME,329352,633624,2700,0.519791
2019-11-18,GME,717067,1221243,1600,0.587162
2019-11-19,GME,825319,1244038,0,0.663419
2019-11-20,GME,514837,762752,1901,0.674973
2019-11-21,GME,981713,1199804,1305,0.818228
2019-11-22,GME,843712,1190630,690,0.708627
2019-11-25,GME,751999,1194717,4123,0.629437
2019-11-26,GME,442526,865845,4177,0.511091
2019-11-27,GME,609059,1163132,28585,0.523637
2019-11-29,GME,226434,379432,961,0.596771
2019-12-02,GME,423356,682205,4576,0.62057
2019-12-03,GME,888731,1099200,620,0.808525
2019-12-04,GME,445395,905617,11621,0.491814
2019-12-05,GME,640506,1727732,2100,0.370721
2019-12-06,GME,661332,1466204,23594,0.45105
2019-12-09,GME,1121189,2003819,19817,0.559526
2019-12-10,GME,1437883,2624222,12198,0.547927
2019-12-11,GME,4627982,8283519,260630,0.558698
2019-12-12,GME,1580599,2923889,91732,0.540581
2019-12-13,GME,1281933,2085665,11891,0.61464
2019-12-16,GME,710327,1483630,14991,0.478776
2019-12-17,GME,786755,1453837,17205,0.541158
2019-12-18,GME,692706,1555908,7471,0.44521
2019-12-19,GME,910764,1543187,22891,0.590184
2019-12-20,GME,694793,1261322,9936,0.550845
2019-12-23,GME,1550888,2365588,6146,0.655604
2019-12-24,GME,687905,1185229,17000,0.580398
2019-12-26,GME,1120738,1755237,2650,0.638511
2019-12-27,GME,1212552,2314874,7360,0.523809
2019-12-30,GME,856055,1536582,27356,0.557116
2019-12-31,GME,734600,1318526,971,0.557137
2020-01-02,GME,1156897,1724835,10920,0.670729
2020-01-03,GME,832325,1346908,12001,0.617952
2020-01-06,GME,701807,1199606,20584,0.585031
2020-01-07,GME,962592,2443567,7363,0.393929
2020-01-08,GME,1279359,2338618,26196,0.547058
2020-01-09,GME,628027,965609,2400,0.650395
2020-01-10,GME,636636,980721,500,0.649151
2020-01-13,GME,641469,1197843,4717,0.53552
2020-01-14,GME,3246951,5611233,119580,0.578652
2020-01-15,GME,928588,1746616,41426,0.53165
2020-01-16,GME,957227,1486755,10548,0.643836
2020-01-17,GME,761668,1306763,2384,0.582866
2020-01-21,GME,746076,1281637,200,0.582127
2020-01-22,GME,558623,1068262,3001,0.522927
2020-01-23,GME,207357,561690,700,0.369166
2020-01-24,GME,954182,1605123,43246,0.59446
2020-01-27,GME,228769,558644,1200,0.409508
2020-01-28,GME,530615,913398,1000,0.580924
2020-01-29,GME,341127,540777,184,0.630809
2020-01-30,GME,807789,1194047,9503,0.676514
2020-01-31,GME,729095,981738,6080,0.742657
2020-02-03,GME,370461,606596,805,0.610721
2020-02-04,GME,822744,1201663,7075,0.684671
2020-02-05,GME,484305,737279,1105,0.656882
2020-02-06,GME,325395,519764,4000,0.626044
2020-02-07,GME,866182,1057876,3785,0.818794
2020-02-10,GME,723361,1044173,2410,0.69276
2020-02-11,GME,374183,702167,4082,0.532897
2020-02-12,GME,766348,1786383,17000,0.428994
2020-02-13,GME,282345,704248,8869,0.400917
2020-02-14,GME,236284,627900,1520,0.376308
2020-02-18,GME,166220,407894,2263,0.407508
2020-02-19,GME,394727,913948,3863,0.431892
2020-02-20,GME,192791,500064,2200,0.385533
2020-02-21,GME,193677,551943,0,0.3509
2020-02-24,GME,485763,1296295,24085,0.374732
2020-02-25,GME,428501,1313344,23602,0.326267
2020-02-26,GME,660091,1724067,4300,0.382869
2020-02-27,GME,518447,1395704,5272,0.371459
2020-02-28,GME,319085,1080204,824,0.295393
2020-03-02,GME,664220,1449370,1876,0.458282
2020-03-03,GME,677301,1564953,4001,0.432793
2020-03-04,GME,1376783,1968500,1000,0.699407
2020-03-05,GME,996970,1686787,2154,0.591047
2020-03-06,GME,325379,694654,2830,0.468404
2020-03-09,GME,463540,1116302,40868,0.415246
2020-03-10,GME,1647899,2468002,31215,0.667706
2020-03-11,GME,1386241,1881395,2501,0.736816
2020-03-12,GME,1445057,2203629,40123,0.655762
2020-03-13,GME,1147633,2102139,81918,0.545936
2020-03-16,GME,443676,1228890,54177,0.361038
2020-03-17,GME,173143,1177729,21540,0.147014
2020-03-18,GME,277067,1192774,15909,0.232288
2020-03-19,GME,1503887,2286803,27222,0.657637
2020-03-20,GME,1966636,2708826,42717,0.72601
2020-03-23,GME,1856664,3280503,52095,0.565969
2020-03-24,GME,1818578,3458545,17744,0.525822
2020-03-25,GME,608247,1300139,13639,0.467832
2020-03-26,GME,1124586,2179412,35548,0.516004
2020-03-27,GME,1588280,2600204,17689,0.610829
2020-03-30,GME,949195,1442782,63952,0.657892
2020-03-31,GME,484419,814094,28837,0.595041
2020-04-01,GME,932728,1323443,61149,0.704774
2020-04-02,GME,1489193,2046723,64331,0.727599
2020-04-03,GME,1166292,1798916,63549,0.64833
2020-04-06,GME,691086,1267049,27762,0.54543
2020-04-07,GME,577654,957541,14333,0.603268
2020-04-08,GME,494706,896863,12039,0.551596
2020-04-09,GME,1356436,2125178,19828,0.638269
2020-04-13,GME,2053195,3070751,14221,0.66863
2020-04-14,GME,4603968,7502513,65096,0.613657
2020-04-15,GME,2437654,3616977,84527,0.673948
2020-04-16,GME,933795,1590015,47472,0.587287
2020-04-17,GME,1231525,2420243,15239,0.508844
2020-04-20,GME,1002712,2980326,45649,0.336444
2020-04-21,GME,699188,1742107,19828,0.401346
2020-04-22,GME,529449,1353702,31721,0.391112
2020-04-23,GME,541226,1212212,8285,0.446478
2020-04-24,GME,533973,1233742,900,0.432808
2020-04-27,GME,2110174,3715308,75653,0.567967
2020-04-28,GME,1297852,2391722,130424,0.542643
2020-04-29,GME,596800,1230410,104202,0.485042
2020-04-30,GME,256521,693669,6125,0.369803
2020-05-01,GME,702955,1807793,15738,0.388847
2020-05-04,GME,548278,1479476,28657,0.370589
2020-05-05,GME,258516,971312,12657,0.266151
2020-05-06,GME,632071,1474975,2991,0.42853
2020-05-07,GME,286099,896559,27398,0.319108
2020-05-08,GME,300819,752039,9636,0.400005
2020-05-11,GME,223962,708136,5957,0.31627
2020-05-12,GME,536549,1195240,4044,0.448905
2020-05-13,GME,428758,1088497,18221,0.393899
2020-05-14,GME,501659,840519,32878,0.596844
2020-05-15,GME,445490,711732,8250,0.625924
2020-05-18,GME,546376,1058087,3856,0.516381
2020-05-19,GME,437282,782025,8105,0.559166
2020-05-20,GME,559370,765652,11622,0.73058
2020-05-21,GME,352634,1016841,24123,0.346794
2020-05-22,GME,688609,990057,14001,0.695525
2020-05-26,GME,520096,1049293,12889,0.495663
2020-05-27,GME,463683,994296,12115,0.466343
2020-05-28,GME,560747,922446,4154,0.607891
2020-05-29,GME,808439,1210004,4830,0.668129
2020-06-01,GME,446084,1057528,16924,0.421818
2020-06-02,GME,479707,959565,14820,0.499921
2020-06-03,GME,579055,1549738,17513,0.373647
2020-06-04,GME,836585,1542065,34978,0.54251
2020-06-05,GME,1241420,2867263,53192,0.432963
2020-06-08,GME,1683770,4352441,62568,0.386856
2020-06-09,GME,2117461,3792277,56107,0.558361
2020-06-10,GME,2054337,5114323,69911,0.401683
2020-06-11,GME,1323063,2783028,44915,0.475404
2020-06-12,GME,468457,1527673,38894,0.306647
2020-06-15,GME,573044,1759861,24952,0.325619
2020-06-16,GME,597635,1040262,7459,0.574504
2020-06-17,GME,576891,1602612,2836,0.359969
2020-06-18,GME,374951,1327538,4212,0.282441
2020-06-19,GME,887772,1492060,1447,0.594998
2020-06-22,GME,356174,926384,21626,0.384478
2020-06-23,GME,320600,866121,5478,0.370156
2020-06-24,GME,635641,1059923,14160,0.599705
2020-06-25,GME,416214,1017541,2525,0.409039
2020-06-26,GME,496962,984508,15096,0.504782
2020-06-29,GME,367338,802332,3335,0.457838
2020-06-30,GME,825243,1313425,2948,0.628314
2020-07-01,GME,470094,731845,1346,0.642341
2020-07-02,GME,381500,655888,8899,0.581654
2020-07-06,GME,446170,818235,10710,0.545283
2020-07-07,GME,477360,893765,3515,0.5341
2020-07-08,GME,346108,693219,5496,0.499277
2020-07-09,GME,263631,845804,1880,0.311693
2020-07-10,GME,148220,424074,300,0.349514
2020-07-13,GME,1567052,2296946,2546,0.682233
2020-07-14,GME,271364,850134,100,0.319201
2020-07-15,GME,126729,448959,1247,0.282273
2020-07-16,GME,265537,453232,200,0.585874
2020-07-17,GME,964890,1392436,28730,0.692951
2020-07-20,GME,505874,1353938,2517,0.373632
2020-07-21,GME,443967,1078400,16143,0.41169
2020-07-22,GME,501170,998172,6330,0.502088
2020-07-23,GME,696772,1418440,81,0.491224
2020-07-24,GME,282448,835825,3506,0.337927
2020-07-27,GME,484218,1007867,2574,0.480438
2020-07-28,GME,2775632,3238556,3866,0.857059
2020-07-29,GME,445040,1058436,14367,0.420469
2020-07-30,GME,349815,962000,1411,0.363633
2020-07-31,GME,216210,612456,2606,0.353021
2020-08-03,GME,423410,948988,2873,0.44617
2020-08-04,GME,1513223,4767028,34034,0.317435
2020-08-05,GME,693737,1888016,27815,0.367442
2020-08-06,GME,249976,791983,9270,0.315633
2020-08-07,GME,657021,1431120,31882,0.459096
2020-08-10,GME,513927,1435034,5630,0.358129
2020-08-11,GME,484722,1389870,14869,0.348753
2020-08-12,GME,351509,1032231,11327,0.340533
2020-08-13,GME,383765,802605,1131,0.478149
2020-08-14,GME,531830,1339864,9143,0.396928
2020-08-17,GME,356322,864749,4000,0.412053
2020-08-18,GME,444455,1222287,11927,0.363626
2020-08-19,GME,325143,684695,200,0.474873
2020-08-20,GME,267631,731914,9907,0.365659
2020-08-21,GME,2127734,5718895,24598,0.372053
2020-08-24,GME,534793,1823439,22625,0.293288
2020-08-25,GME,532516,1341456,11667,0.396969
2020-08-26,GME,513047,1136003,1087,0.451625
2020-08-27,GME,408650,1113192,2692,0.367097
2020-08-28,GME,500175,1492242,16590,0.335184
2020-08-31,GME,6207501,21650765,125898,0.28671
2020-09-01,GME,2572703,12739715,42583,0.201944
2020-09-02,GME,2302048,6622883,71750,0.34759
2020-09-03,GME,2510246,6705277,37037,0.374369
2020-09-04,GME,1161710,3637860,33190,0.319339
2020-09-08,GME,1794782,4819424,21854,0.372406
2020-09-09,GME,1178564,3318326,31756,0.355168
2020-09-10,GME,2647287,7061262,137060,0.374903
2020-09-11,GME,799161,2920657,33669,0.273624
2020-09-14,GME,2648108,4325247,16028,0.612244
2020-09-15,GME,1653849,2858889,44494,0.578494
2020-09-16,GME,5614755,10058212,85732,0.558226
2020-09-17,GME,5104399,9127070,53123,0.559259
2020-09-18,GME,3530464,6308725,46486,0.559616
2020-09-21,GME,1605910,3116587,53411,0.515278
2020-09-22,GME,9857592,18376647,308118,0.53642
2020-09-23,GME,2518880,4596752,58068,0.54797
2020-09-24,GME,1304039,3786571,60259,0.344385
2020-09-25,GME,1980900,4417059,94718,0.448466
2020-09-28,GME,1905506,3563025,33008,0.5348
2020-09-29,GME,1449977,2700548,20344,0.53692
2020-09-30,GME,1508874,3021545,35437,0.499372
2020-10-01,GME,1043391,2043037,12534,0.510706
2020-10-02,GME,792632,1801888,12498,0.43989
2020-10-05,GME,758083,1394231,8517,0.543728
2020-10-06,GME,1259172,2206551,25305,0.570652
2020-10-07,GME,940815,1605517,25625,0.585989
2020-10-08,GME,22263136,39203674,373719,0.567884
2020-10-09,GME,21610063,43281352,950128,0.499293
2020-10-12,GME,7982844,14469698,245136,0.551694
2020-10-13,GME,2435954,4445148,6502,0.548003
2020-10-14,GME,3569965,6352412,27753,0.561986
2020-10-15,GME,11778490,21473040,173928,0.548525
2020-10-16,GME,1884282,5471504,21760,0.344381
2020-10-19,GME,4263227,7940713,101720,0.536882
2020-10-20,GME,1746921,3099352,28937,0.563641
2020-10-21,GME,1386777,2959309,47396,0.468615
2020-10-22,GME,4593968,8739577,81339,0.525651
2020-10-23,GME,1541865,3083089,28084,0.500104
2020-10-26,GME,2865249,7037427,87678,0.407144
2020-10-27,GME,1529939,3564815,97334,0.429178
2020-10-28,GME,1007478,3121082,13206,0.322798
2020-10-29,GME,1053715,2205696,21728,0.477724
2020-10-30,GME,3096430,5466221,27722,0.566466
2020-11-02,GME,1257584,2346422,32825,0.535958
2020-11-03,GME,2039141,3645023,25656,0.559432
2020-11-04,GME,1466637,2560764,23570,0.572734
2020-11-05,GME,1317418,2386612,7905,0.552003
2020-11-06,GME,1768117,2877525,17872,0.614458
2020-11-09,GME,1596632,2506756,19585,0.636932
2020-11-10,GME,670544,1387089,17193,0.483418
2020-11-11,GME,1689319,2400829,13103,0.70364
2020-11-12,GME,1080489,1826149,7139,0.591676
2020-11-13,GME,714792,1325565,7980,0.539236
2020-11-16,GME,2448698,5022191,67392,0.487576
2020-11-17,GME,718320,3146368,1393,0.228301
2020-11-18,GME,556182,1389921,3864,0.400154
2020-11-19,GME,3854636,6231785,24038,0.618544
2020-11-20,GME,2559797,4458054,16243,0.574196
2020-11-23,GME,2463652,4573314,15717,0.538702
2020-11-24,GME,1557562,3402959,15647,0.457708
2020-11-25,GME,1665619,4172185,18619,0.39922
2020-11-27,GME,2436483,6666883,20413,0.365461
2020-11-30,GME,5746247,15993988,70374,0.359275
2020-12-01,GME,1947773,5691714,17675,0.342212
2020-12-02,GME,1139830,3615364,10505,0.315274
2020-12-03,GME,1357653,3293868,20552,0.412176
2020-12-04,GME,1372531,4309129,21103,0.318517
2020-12-07,GME,1237366,3363420,9926,0.367889
2020-12-08,GME,1453349,5187397,30619,0.280169
2020-12-09,GME,3847993,12339165,154852,0.311852
2020-12-10,GME,908904,3414443,67913,0.266194
2020-12-11,GME,1128205,3460240,25766,0.326048
2020-12-14,GME,1410641,4481115,52314,0.314797
2020-12-15,GME,1501587,3957682,13530,0.379411
2020-12-16,GME,1215029,2490062,3735,0.487951
2020-12-17,GME,1711461,3430803,16899,0.498851
2020-12-18,GME,4545937,7383984,41025,0.615648
2020-12-21,GME,2800228,4140155,23648,0.676358
2020-12-22,GME,8354158,16251158,59425,0.514065
2020-12-23,GME,8532524,15240256,54374,0.559867
2020-12-24,GME,1939277,3585707,11054,0.540835
2020-12-28,GME,2962823,4891475,37400,0.605712
2020-12-29,GME,2178368,4876217,80280,0.446733
2020-12-30,GME,1134552,2531119,71826,0.448241
2020-12-31,GME,906539,2490445,13239,0.364007
2021-01-04,GME,2857152,4956196,19198,0.576481
2021-01-05,GME,766709,2324822,21223,0.329793
2021-01-06,GME,865047,2949443,15085,0.293292
2021-01-07,GME,1214959,3296877,17787,0.368518
2021-01-08,GME,1529124,3515180,4537,0.435006
2021-01-11,GME,4229928,7472327,20105,0.566079
2021-01-12,GME,1600574,2937394,27607,0.544896
2021-01-13,GME,46075278,86578862,594291,0.532177
2021-01-14,GME,16957718,53617069,158390,0.316275
2021-01-15,GME,8433389,26143320,240780,0.322583
2021-01-19,GME,14785915,44827328,541011,0.329842
2021-01-20,GME,6764533,19581227,48173,0.34546
2021-01-21,GME,11420490,35202394,108322,0.324424
2021-01-22,GME,33257918,97123046,686860,0.342431
2021-01-25,GME,27342770,72224899,393941,0.378578
2021-01-26,GME,27348512,82653297,514375,0.330882
2021-01-27,GME,16292827,29923417,161900,0.544484
2021-01-28,GME,9606123,18899860,455032,0.508264
2021-01-29,GME,8814229,16327706,527920,0.539833
2021-02-01,GME,6982444,12820226,364890,0.544643
2021-02-02,GME,16358136,29733410,1073011,0.55016
2021-02-03,GME,9638240,17735739,532939,0.543436
2021-02-04,GME,14272780,28355377,869183,0.503354
2021-02-05,GME,19063724,34566363,1106467,0.551511
2021-02-08,GME,6404809,11348581,82425,0.564371
2021-02-09,GME,6516142,12057907,277522,0.540404
2021-02-10,GME,6587323,18257999,241069,0.360791
2021-02-11,GME,2234229,6204532,33414,0.360096
2021-02-12,GME,2061991,6344511,50915,0.325004
2021-02-16,GME,2120102,3524621,25796,0.601512
2021-02-17,GME,2155470,3726641,24521,0.578395
2021-02-18,GME,4429950,10975810,42067,0.40361
2021-02-19,GME,2190404,5817872,134794,0.376496
2021-02-22,GME,5477700,8765028,95055,0.62495
2021-02-23,GME,1772742,2988339,51454,0.59322
2021-02-24,GME,11911548,20382816,481499,0.584392
2021-02-25,GME,33187254,58477625,560135,0.567521
2021-02-26,GME,22264902,38885329,1079465,0.572578
2021-03-01,GME,13711102,24156222,757250,0.567601
2021-03-02,GME,9464355,16947428,182373,0.558454
2021-03-03,GME,4740739,8487185,89946,0.558576
2021-03-04,GME,8485601,14979778,183684,0.56647
2021-03-05,GME,7981187,14161843,169653,0.56357
2021-03-08,GME,15269959,28023617,280296,0.544896
2021-03-09,GME,8507752,15009058,199017,0.566841
2021-03-10,GME,14924764,26074171,738344,0.572396
2021-03-11,GME,6318428,11113425,383095,0.56854
2021-03-12,GME,5439089,9833047,354001,0.553144
2021-03-15,GME,5750093,10006831,297576,0.574617
2021-03-16,GME,8715265,15041864,491574,0.579401
2021-03-17,GME,3878187,6915251,186016,0.560817
2021-03-18,GME,2996746,4858927,51194,0.616751
2021-03-19,GME,6421981,10769625,132316,0.596305
2021-03-22,GME,2358752,3843634,33094,0.613678
2021-03-23,GME,2835124,4548007,33212,0.623377
2021-03-24,GME,5921699,9828116,374547,0.602526
2021-03-25,GME,12591492,21672008,473500,0.581003
2021-03-26,GME,10038012,16664120,297653,0.602373
2021-03-29,GME,2927293,4668884,122400,0.626979
2021-03-30,GME,4636499,8249652,72753,0.562024
2021-03-31,GME,2300830,4020123,42403,0.572328
2021-04-01,GME,2454791,4164588,35127,0.589444
2021-04-05,GME,2457391,5136882,148702,0.478382
2021-04-06,GME,1064534,2478732,94487,0.429467
2021-04-07,GME,970556,2048159,14388,0.473868
2021-04-08,GME,1705719,4461564,27124,0.382314
2021-04-09,GME,1813873,4768225,84560,0.380408
2021-04-12,GME,2881366,7638755,177012,0.377204
2021-04-13,GME,1279151,3028223,78402,0.42241
2021-04-14,GME,4552746,10980493,122256,0.414621
2021-04-15,GME,1514841,3656417,37135,0.414297
2021-04-16,GME,991315,2408031,37243,0.41167
2021-04-19,GME,2554488,4458016,43480,0.57301
2021-04-20,GME,1094062,1953969,11648,0.559918
2021-04-21,GME,887732,1603415,10128,0.553651
2021-04-22,GME,949267,1669430,15770,0.568617
2021-04-23,GME,1009081,1822676,25383,0.553626
2021-04-26,GME,2558524,4434680,34887,0.576935
2021-04-27,GME,2291953,3972777,44637,0.576915
2021-04-28,GME,1420847,2528395,32918,0.561956
2021-04-29,GME,904103,1539422,18035,0.5873
2021-04-30,GME,1018219,1833319,22607,0.555397
2021-05-03,GME,1269098,2216581,45626,0.572548
2021-05-04,GME,1039546,1744786,26488,0.595801
2021-05-05,GME,664818,1158981,14531,0.573623
2021-05-06,GME,627100,1047851,28830,0.598463
2021-05-07,GME,615029,1080447,13688,0.569236
2021-05-10,GME,1077620,1684849,30563,0.639594
2021-05-11,GME,1034642,1694663,42990,0.61053
2021-05-12,GME,689988,1044003,3786,0.660906
2021-05-13,GME,2236202,3683710,21254,0.607052
2021-05-14,GME,945151,1647491,19326,0.573691
2021-05-17,GME,1822852,3118226,41940,0.58458
2021-05-18,GME,1886450,3259477,30337,0.578758
2021-05-19,GME,1126218,1709099,8784,0.658954
2021-05-20,GME,558337,942653,9536,0.592304
2021-05-21,GME,780099,1401134,19473,0.556763
2021-05-24,GME,1103583,1971424,32123,0.55979
2021-05-25,GME,3608896,6443143,60006,0.560114
2021-05-26,GME,4629662,8202580,90104,0.564415
2021-05-27,GME,3453765,6150742,64860,0.56152
2021-05-28,GME,2601539,4567401,82888,0.569588
2021-06-01,GME,2195316,3887730,76234,0.564678
2021-06-02,GME,3911478,7148804,57290,0.547151
2021-06-03,GME,1745051,3118230,78723,0.559629
2021-06-04,GME,703596,1295391,28686,0.543153
2021-06-07,GME,1303073,2350802,6831,0.55431
2021-06-08,GME,4103881,7780087,62389,0.527485
2021-06-09,GME,2719042,5199562,18620,0.522937
2021-06-10,GME,5570111,10675994,261018,0.521742
2021-06-11,GME,3644543,7069423,145351,0.515536
2021-06-14,GME,1565046,2981193,6278,0.524973
2021-06-15,GME,1626285,3235221,12785,0.502681
2021-06-16,GME,1122007,2047232,7147,0.548061
2021-06-17,GME,926983,1819079,3027,0.509589
2021-06-18,GME,791347,1341278,2497,0.589995
2021-06-21,GME,1195243,2052841,8843,0.582238
2021-06-22,GME,1877131,3386044,9437,0.554373
2021-06-23,GME,796312,1449825,6688,0.549247
2021-06-24,GME,885451,1555753,5666,0.569146
2021-06-25,GME,1347062,2234661,8054,0.602804
2021-06-28,GME,1019868,1995816,11783,0.511003
2021-06-29,GME,517085,950667,23240,0.543918
2021-06-30,GME,509575,1090518,4859,0.467278
2021-07-01,GME,596096,1055383,2910,0.564815
2021-07-02,GME,590622,1041717,3332,0.56697
2021-07-06,GME,605697,1016526,2553,0.59585
2021-07-07,GME,1095672,1808463,36044,0.605858
2021-07-08,GME,568032,977443,15364,0.581141
2021-07-09,GME,355781,600893,1970,0.592087
2021-07-12,GME,411066,677857,2016,0.60642
2021-07-13,GME,582628,943406,3782,0.617579
2021-07-14,GME,841406,1503754,6473,0.559537
2021-07-15,GME,1124635,1733368,5216,0.648815
2021-07-16,GME,825962,1318731,2279,0.626331
2021-07-19,GME,591517,965646,2944,0.612561
2021-07-20,GME,745972,1171066,5398,0.637003
2021-07-21,GME,581102,986452,2156,0.589083
2021-07-22,GME,342717,609579,355,0.562219
2021-07-23,GME,313134,538959,1678,0.580998
2021-07-26,GME,317386,567277,3628,0.55949
2021-07-27,GME,267031,424814,3358,0.628583
2021-07-28,GME,993706,1478106,3533,0.672283
2021-07-29,GME,767957,1042671,1608,0.736529
2021-07-30,GME,472713,737285,2240,0.641154
2021-08-02,GME,623709,1155891,6353,0.539592
2021-08-03,GME,828157,1665680,8190,0.497189
2021-08-04,GME,381088,1003713,8230,0.379678
2021-08-05,GME,427752,1072600,1946,0.398799
2021-08-06,GME,235271,564841,721,0.416526
2021-08-09,GME,413232,933830,3594,0.442513
2021-08-10,GME,390333,660825,1261,0.590675
2021-08-11,GME,206228,362572,4129,0.568792
2021-08-12,GME,289645,539538,1846,0.536839
2021-08-13,GME,201354,343908,1444,0.585488
2021-08-16,GME,371953,633403,128,0.58723
2021-08-17,GME,253834,453291,4408,0.55998
2021-08-18,GME,295285,490662,429,0.601809
2021-08-19,GME,294707,470925,1323,0.625805
2021-08-20,GME,232879,423792,4058,0.549512
2021-08-23,GME,266597,518728,3073,0.513944
2021-08-24,GME,4214415,7303842,25455,0.577013
2021-08-25,GME,3736351,6678196,36731,0.559485
2021-08-26,GME,1967325,3145414,20313,0.625458
2021-08-27,GME,831186,1436396,12912,0.578661
2021-08-30,GME,763761,1534638,12004,0.497682
2021-08-31,GME,788487,1452061,7931,0.543012
2021-09-01,GME,1100122,1921019,30404,0.572676
2021-09-02,GME,418444,775725,2517,0.539423
2021-09-03,GME,562146,1066302,6770,0.527192
2021-09-07,GME,557331,1060245,12308,0.525662
2021-09-08,GME,1019441,1803016,9168,0.565409
2021-09-09,GME,1796938,3013875,46236,0.596222
2021-09-10,GME,707800,1219882,26159,0.58022
2021-09-13,GME,1184821,2057375,23721,0.57589
2021-09-14,GME,434614,745810,2851,0.582741
2021-09-15,GME,421941,751732,4113,0.561292
2021-09-16,GME,626375,1142211,7962,0.548388
2021-09-17,GME,449506,773268,4940,0.581307
2021-09-20,GME,847893,1473340,7769,0.57549
2021-09-21,GME,563302,874032,2,0.644487
2021-09-22,GME,464670,963787,506,0.482129
2021-09-23,GME,369796,602625,2474,0.613642
2021-09-24,GME,331274,531878,108,0.622838
2021-09-27,GME,297731,499953,6059,0.595518
2021-09-28,GME,309156,486570,2616,0.635378
2021-09-29,GME,343819,560574,3149,0.613334
2021-09-30,GME,716790,1174698,630,0.610191
2021-10-01,GME,284049,512523,348,0.554217
2021-10-04,GME,250075,429916,73,0.581683
2021-10-05,GME,227800,410407,274,0.555059
2021-10-06,GME,246316,416142,3948,0.591904
2021-10-07,GME,187296,318003,1953,0.588976
2021-10-08,GME,154473,263788,1972,0.585595
2021-10-11,GME,566148,1025484,4859,0.552079
2021-10-12,GME,253809,442345,433,0.573781
2021-10-13,GME,409425,723856,6171,0.565617
2021-10-14,GME,335406,610988,2750,0.548957
2021-10-15,GME,237161,447969,2865,0.529414
2021-10-18,GME,386664,646023,2651,0.59853
2021-10-19,GME,464679,903329,2791,0.514407
2021-10-20,GME,603034,945461,11300,0.63782
2021-10-21,GME,585329,965996,2746,0.605933
2021-10-22,GME,532101,841353,3780,0.632435
2021-10-25,GME,285923,501033,7562,0.570667
2021-10-26,GME,434231,795535,5785,0.545835
2021-10-27,GME,203797,387522,3471,0.525898
2021-10-28,GME,293834,570272,4957,0.515252
2021-10-29,GME,492564,939819,1397,0.524105
2021-11-01,GME,1132971,2039635,8194,0.555477
2021-11-02,GME,655833,1382123,11237,0.474511
2021-11-03,GME,2660536,5212022,29736,0.510461
2021-11-04,GME,608560,1226878,3717,0.496023
2021-11-05,GME,350122,745722,2419,0.469507
2021-11-08,GME,401253,966872,8480,0.415001
2021-11-09,GME,348495,760618,5004,0.458173
2021-11-10,GME,278086,538974,1173,0.515954
2021-11-11,GME,203492,411136,3926,0.494951
2021-11-12,GME,195855,349952,915,0.559662
2021-11-15,GME,356767,615314,3549,0.579813
2021-11-16,GME,250224,466991,3005,0.535822
2021-11-17,GME,252321,485307,2371,0.51992
2021-11-18,GME,186738,352050,2272,0.53043
2021-11-19,GME,559222,1190492,11188,0.46974
2021-11-22,GME,926877,1854022,6470,0.499928
2021-11-23,GME,683387,1381447,15879,0.494689
2021-11-24,GME,290071,493730,12153,0.587509
2021-11-26,GME,254089,404616,25,0.627976
2021-11-29,GME,240317,421138,16,0.570637
2021-11-30,GME,415993,662838,1487,0.627594
2021-12-01,GME,591462,912109,1347,0.648455
2021-12-02,GME,520137,779455,2383,0.667309
2021-12-03,GME,955652,1337038,12368,0.714753
2021-12-06,GME,471069,762959,14541,0.617424
2021-12-07,GME,431079,678333,153,0.635498
2021-12-08,GME,523994,817482,591,0.640985
2021-12-09,GME,1288513,1784709,14012,0.721974
2021-12-10,GME,1036679,1515068,30998,0.684246
2021-12-13,GME,996536,1901835,34222,0.523987
2021-12-14,GME,1142695,2354849,29498,0.485252
2021-12-15,GME,662119,1147374,671,0.577073
2021-12-16,GME,399851,746362,797,0.535733
2021-12-17,GME,604111,1384469,244,0.436349
2021-12-20,GME,370785,693808,548,0.53442
2021-12-21,GME,226128,508424,4519,0.444763
2021-12-22,GME,168134,338065,737,0.497342
2021-12-23,GME,197795,441795,3126,0.447708
2021-12-27,GME,290376,710190,732,0.408871
2021-12-28,GME,244361,563733,0,0.433469
2021-12-29,GME,405033,938619,3181,0.43152
2021-12-30,GME,217906,634133,329,0.343628
2021-12-31,GME,168673,580237,4249,0.290697
2022-01-03,GME,178977,511862,1848,0.349659
2022-01-04,GME,389661,685935,511,0.568073
2022-01-05,GME,709715,1253029,9755,0.5664
2022-01-06,GME,633740,1260839,20738,0.502634
2022-01-07,GME,2591667,5140558,13707,0.504161
2022-01-10,GME,1098806,2169489,35416,0.506481
2022-01-11,GME,495353,1007236,18599,0.491794
2022-01-12,GME,317889,653240,1062,0.486634
2022-01-13,GME,415668,893659,4418,0.46513
2022-01-14,GME,795214,1472708,3877,0.539967
2022-01-18,GME,660877,1382836,10251,0.477914
2022-01-19,GME,377571,803662,15761,0.469813
2022-01-20,GME,585943,1107650,100,0.528997
2022-01-21,GME,1113725,2196576,8909,0.507028
2022-01-24,GME,1504081,2278511,35334,0.660116
2022-01-25,GME,867519,1349879,20247,0.642664
2022-01-26,GME,2310987,3578113,7207,0.645868
2022-01-27,GME,1026615,1545005,3699,0.664474
2022-01-28,GME,985137,1660207,19264,0.593382
2022-01-31,GME,926789,1582914,938,0.585495
2022-02-01,GME,937849,1508610,232,0.621664
2022-02-02,GME,949926,1414554,5769,0.671537
2022-02-03,GME,694084,986355,13900,0.703686
2022-02-04,GME,547993,830517,680,0.659822
2022-02-07,GME,415803,663091,372,0.627068
2022-02-08,GME,1365852,2291631,3621,0.596017
2022-02-09,GME,1064779,1702616,3737,0.625378
2022-02-10,GME,973181,1560135,1074,0.62378
2022-02-11,GME,744435,1185330,1009,0.62804
2022-02-14,GME,570724,987234,1852,0.578104
2022-02-15,GME,477172,846151,2743,0.563932
2022-02-16,GME,481852,903196,1783,0.533497
2022-02-17,GME,391279,633465,2534,0.617681
2022-02-18,GME,364850,555729,4873,0.656525
2022-02-22,GME,374878,588623,257,0.636873
2022-02-23,GME,332869,501158,147,0.6642
2022-02-24,GME,495056,893375,3175,0.554141
2022-02-25,GME,381574,648815,1786,0.588109
2022-02-28,GME,384734,649012,2175,0.5928
2022-03-01,GME,227124,398149,1697,0.57045
2022-03-02,GME,329470,500102,1094,0.658806
2022-03-03,GME,250668,372656,1149,0.672653
2022-03-04,GME,354791,519779,2240,0.68258
2022-03-07,GME,661171,1053182,19288,0.627784
2022-03-08,GME,370671,711692,10507,0.520831
2022-03-09,GME,241251,507689,2436,0.475194
2022-03-10,GME,375643,561636,857,0.668837
2022-03-11,GME,551768,773722,650,0.713135
2022-03-14,GME,882937,1776946,23488,0.496885
2022-03-15,GME,668966,1397736,27683,0.478607
2022-03-16,GME,710125,1207047,84,0.588316
2022-03-17,GME,693461,1124517,1623,0.616675
2022-03-18,GME,1848866,3893478,41765,0.474862
2022-03-21,GME,799429,1781226,22390,0.448808
2022-03-22,GME,3550458,7213409,22976,0.492203
2022-03-23,GME,6694081,11437161,24132,0.585292
2022-03-24,GME,2439491,4217003,41399,0.578489
2022-03-25,GME,3593380,6530569,120678,0.55024
2022-03-28,GME,3675636,7859183,35980,0.467687
2022-03-29,GME,4736463,8200754,130881,0.577564
2022-03-30,GME,1873385,4015994,57103,0.466481
2022-03-31,GME,2246394,4343366,16133,0.517201
2022-04-01,GME,3605648,5952302,12588,0.605757
2022-04-04,GME,962292,2197318,15303,0.437939
2022-04-05,GME,1109413,1899066,7283,0.584189
2022-04-06,GME,910620,1766179,30145,0.515588
2022-04-07,GME,969148,1658012,6854,0.584524
2022-04-08,GME,571585,1047664,5889,0.54558
2022-04-11,GME,595205,1048156,2408,0.567859
2022-04-12,GME,485324,869518,1887,0.558153
2022-04-13,GME,400438,818507,397,0.48923
2022-04-14,GME,687225,1110818,1637,0.618666
2022-04-18,GME,658166,1054201,3892,0.624327
2022-04-19,GME,649009,1071656,491,0.605613
2022-04-20,GME,242705,463494,1277,0.523642
2022-04-21,GME,354673,640341,855,0.553881
2022-04-22,GME,349919,561355,390,0.623347
2022-04-25,GME,310715,616818,817,0.503739
2022-04-26,GME,346471,597940,551,0.579441
2022-04-27,GME,292183,592288,676,0.493312
2022-04-28,GME,391879,741551,1329,0.528459
2022-04-29,GME,228552,464852,1219,0.491666
2022-05-02,GME,457511,969430,3295,0.471938
2022-05-03,GME,400470,852437,3673,0.469794
2022-05-04,GME,337264,780967,398,0.431854
2022-05-05,GME,348258,656601,115,0.530395
2022-05-06,GME,461548,820053,1875,0.562827
2022-05-09,GME,903271,1311812,23650,0.688567
2022-05-10,GME,840886,1575657,32175,0.533673
2022-05-11,GME,858853,1438385,41428,0.597095
2022-05-12,GME,2428833,4023027,71949,0.603733
2022-05-13,GME,1843398,2953371,12632,0.624167
2022-05-16,GME,826300,1290438,11515,0.640325
2022-05-17,GME,839675,1364797,2475,0.615238
2022-05-18,GME,872992,1338573,6067,0.652181
2022-05-19,GME,799246,1430757,25472,0.558618
2022-05-20,GME,661186,1075050,383,0.615028
2022-05-23,GME,502574,769430,4742,0.653177
2022-05-24,GME,700750,1050230,5161,0.667235
2022-05-25,GME,2858579,5230127,16589,0.54656
2022-05-26,GME,3844092,7203326,32061,0.533655
2022-05-27,GME,2119733,3802448,15098,0.557465
2022-05-31,GME,698959,2150623,14076,0.325003
2022-06-01,GME,566412,1455456,19143,0.389165
2022-06-02,GME,1515148,3512873,26636,0.431313
2022-06-03,GME,1250402,2234961,7958,0.559474
2022-06-06,GME,437542,1013539,1361,0.431697
2022-06-07,GME,1273784,3069994,11113,0.414914
2022-06-08,GME,1581681,3105566,6011,0.509305
2022-06-09,GME,798173,1438285,3038,0.554948
2022-06-10,GME,733358,1441091,3797,0.508891
2022-06-13,GME,883686,1540222,15866,0.573739
2022-06-14,GME,900915,1749547,12493,0.514942
2022-06-15,GME,748471,1394820,1071,0.536608
2022-06-16,GME,784614,1260924,679,0.622253
2022-06-17,GME,847555,1405722,4421,0.602932
2022-06-21,GME,738944,1370310,4697,0.539253
2022-06-22,GME,445306,836379,1260,0.532421
2022-06-23,GME,439296,779317,3254,0.563694
2022-06-24,GME,769265,1375725,7065,0.559171
2022-06-27,GME,530649,1041415,4053,0.509546
2022-06-28,GME,422225,731855,4746,0.576924
2022-06-29,GME,436370,878142,7783,0.496924
2022-06-30,GME,414737,799396,5007,0.518813
2022-07-01,GME,438887,794830,3295,0.552177
2022-07-05,GME,392645,698570,4583,0.56207
2022-07-06,GME,394074,654966,3879,0.601671
2022-07-07,GME,2080361,3483490,40606,0.597206
2022-07-08,GME,786017,1424696,20817,0.551709
2022-07-11,GME,560702,987020,11053,0.568076
2022-07-12,GME,1195607,2102294,24570,0.568715
2022-07-13,GME,733652,1504921,17236,0.487502
2022-07-14,GME,1203902,2298834,28366,0.523701
2022-07-15,GME,562280,888811,7339,0.63262
2022-07-18,GME,743334,1263918,11139,0.588119
2022-07-19,GME,863637,1454911,19478,0.593601
2022-07-20,GME,723729,1180431,11445,0.613106
2022-07-21,GME,562791,930098,9194,0.605088
2022-07-22,GME,2225738,3615240,28749,0.615654
2022-07-25,GME,848416,2190488,23892,0.387318
2022-07-26,GME,1087912,2000880,23292,0.543717
2022-07-27,GME,826935,1612064,24417,0.512967
2022-07-28,GME,784990,1389989,15623,0.564745
2022-07-29,GME,901389,1662286,11449,0.542259
2022-08-01,GME,929223,1778857,29121,0.522371
2022-08-02,GME,1191299,2254487,14555,0.528412
2022-08-03,GME,1141743,2002697,18179,0.570103
2022-08-04,GME,1035084,1989022,36953,0.520398
2022-08-05,GME,1854521,3554526,70303,0.521735
2022-08-08,GME,4052270,7587419,97091,0.534078
2022-08-09,GME,1148424,2681606,45863,0.42826
2022-08-10,GME,1492682,2576263,70698,0.579398
2022-08-11,GME,1219423,2124430,35358,0.574
2022-08-12,GME,1093907,2288240,29671,0.478056
2022-08-15,GME,1261508,2367270,32626,0.532896
2022-08-16,GME,6637014,11361249,105911,0.58418
2022-08-17,GME,2247179,4687699,24023,0.479378
2022-08-18,GME,1570512,2561591,16267,0.6131
2022-08-19,GME,2241572,3315494,15123,0.67609
2022-08-22,GME,1418914,2125267,14341,0.66764
2022-08-23,GME,1304530,1907160,24328,0.684017
2022-08-24,GME,1363610,1990234,16482,0.685151
2022-08-25,GME,1210424,1798599,26039,0.672982
2022-08-26,GME,962340,1492382,11669,0.644835
2022-08-29,GME,1067291,1729592,10650,0.617077
2022-08-30,GME,1297388,1871315,6402,0.693303
2022-08-31,GME,1220739,1771316,19554,0.689171
2022-09-01,GME,1209359,1880276,18960,0.643182
2022-09-02,GME,1034582,1705739,11738,0.60653
2022-09-06,GME,1454558,2615605,23453,0.556108
2022-09-07,GME,2323737,3769053,28503,0.616531
2022-09-08,GME,2975687,6164602,93230,0.482705
2022-09-09,GME,1558675,3665089,47244,0.425276
2022-09-12,GME,1456330,2690301,36038,0.541326
2022-09-13,GME,913139,1496785,18405,0.610067
2022-09-14,GME,917805,1465967,10498,0.626075
2022-09-15,GME,641984,1341959,12877,0.478393
2022-09-16,GME,912571,1604717,13492,0.56868
2022-09-19,GME,627368,1507580,25421,0.416142
2022-09-20,GME,621222,1227809,6765,0.50596
2022-09-21,GME,749281,1730352,8551,0.433022
2022-09-22,GME,945555,1897510,10809,0.498314
2022-09-23,GME,752785,1496098,7593,0.503166
2022-09-26,GME,689665,1432276,5677,0.481517
2022-09-27,GME,684750,1691251,13597,0.404878
2022-09-28,GME,460858,1077980,11250,0.42752
2022-09-29,GME,865771,1739331,7615,0.497761
2022-09-30,GME,545823,1185053,3154,0.46059
2022-10-03,GME,628330,952267,6874,0.659825
2022-10-04,GME,1007314,1843833,13581,0.546315
2022-10-05,GME,730812,1108108,6057,0.659513
2022-10-06,GME,624944,997323,13456,0.626621
2022-10-07,GME,738816,1041020,4949,0.709704
2022-10-10,GME,771470,1211750,4748,0.636658
2022-10-11,GME,1117559,1634464,16220,0.683746
2022-10-12,GME,728745,1226104,12341,0.594358
2022-10-13,GME,754524,1240463,23317,0.60826
2022-10-14,GME,749953,1055489,3549,0.710527
2022-10-17,GME,575999,1087814,16774,0.529501
2022-10-18,GME,1023244,1600306,9065,0.639405
2022-10-19,GME,1580504,1878615,5274,0.841313
2022-10-20,GME,1338349,1742293,10132,0.768154
2022-10-21,GME,834219,1236971,10169,0.674405
2022-10-24,GME,865360,1243681,6237,0.695805
2022-10-25,GME,1730170,3211272,40287,0.53878
2022-10-26,GME,914160,1502564,16014,0.6084
2022-10-27,GME,562277,943499,8666,0.595949
2022-10-28,GME,2408777,3957566,46002,0.608651
2022-10-31,GME,6957475,11587423,112332,0.600433
2022-11-01,GME,1328843,2279632,24966,0.58292
2022-11-02,GME,996686,1785960,26927,0.558067
2022-11-03,GME,768239,1218520,7028,0.630469
2022-11-04,GME,1104438,1568360,10900,0.704199
2022-11-07,GME,768315,1174348,8065,0.654248
2022-11-08,GME,1151832,1602806,9250,0.718635
2022-11-09,GME,2269301,3061620,69745,0.741209
2022-11-10,GME,1364419,2254442,73115,0.605214
2022-11-11,GME,799757,1471061,18038,0.54366
2022-11-14,GME,952418,1595607,14425,0.5969
2022-11-15,GME,1171215,2059010,22832,0.568824
2022-11-16,GME,421745,787000,2814,0.535889
2022-11-17,GME,625818,993972,6598,0.629613
2022-11-18,GME,795098,1178995,9140,0.674386
2022-11-21,GME,1198183,1783687,50561,0.671745
2022-11-22,GME,1087862,1684495,4859,0.645809
2022-11-23,GME,620625,1046517,4105,0.593039
2022-11-25,GME,257130,435677,5957,0.590185
2022-11-28,GME,626079,968092,3969,0.646714
2022-11-29,GME,516299,829675,15683,0.622291
2022-11-30,GME,848040,1298940,20334,0.652871
2022-12-01,GME,2449010,3954531,31785,0.619292
2022-12-02,GME,1110869,1860388,39577,0.597117
2022-12-05,GME,1333730,1815795,6856,0.734516
2022-12-06,GME,2242475,2811194,11559,0.797695
2022-12-07,GME,2567896,3258525,28231,0.788055
2022-12-08,GME,2720936,4228367,36061,0.643496
2022-12-09,GME,1298555,1885826,16163,0.688587
2022-12-12,GME,795515,1316857,7212,0.604101
2022-12-13,GME,1738403,2360037,19880,0.7366
2022-12-14,GME,1026565,1521063,4648,0.6749
2022-12-15,GME,1035936,1581365,25702,0.65509
2022-12-16,GME,835347,1280407,8724,0.652407
2022-12-19,GME,877282,1259747,3477,0.696395
2022-12-20,GME,941652,1468987,7471,0.641021
2022-12-21,GME,614108,964381,8368,0.63679
2022-12-22,GME,1466891,2128047,33592,0.689313
2022-12-23,GME,587280,1108498,33231,0.529798
2022-12-27,GME,1152516,1819788,27953,0.633324
2022-12-28,GME,2187415,2979272,85256,0.734211
2022-12-29,GME,662465,1124744,23633,0.588992
2022-12-30,GME,496995,1040003,7650,0.477878
2023-01-03,GME,1882148,2618289,6296,0.718847
2023-01-04,GME,1019270,1607642,10623,0.634016
2023-01-05,GME,1591224,2394512,13436,0.66453
2023-01-06,GME,1150061,1837347,70149,0.625936
2023-01-09,GME,832272,1328214,14342,0.62661
2023-01-10,GME,1204161,1911627,15348,0.629914
2023-01-11,GME,2599837,4273916,41245,0.608303
2023-01-12,GME,1324147,2608509,13113,0.507626
2023-01-13,GME,1394768,2279116,20919,0.611978
2023-01-17,GME,1240060,2267801,21650,0.546812
2023-01-18,GME,1430385,2173963,55356,0.657962
2023-01-19,GME,1139956,1895675,21047,0.601346
2023-01-20,GME,803474,1554221,22566,0.516963
2023-01-23,GME,1833779,3715253,47596,0.493581
2023-01-24,GME,495032,1033470,9912,0.479
2023-01-25,GME,742819,1355530,27360,0.547992
2023-01-26,GME,925206,1485461,27431,0.622841
2023-01-27,GME,3112111,5196975,257211,0.598831
2023-01-30,GME,1151523,2088105,23344,0.551468
2023-01-31,GME,726633,1154521,9736,0.62938
2023-02-01,GME,1279576,1854831,39404,0.689861
2023-02-02,GME,1733714,2938626,44067,0.589974
2023-02-03,GME,1071595,1986513,25262,0.539435
2023-02-06,GME,2718117,4451867,43942,0.610557
2023-02-07,GME,2298123,3737248,101655,0.614924
2023-02-08,GME,691283,1126517,51634,0.613646
2023-02-09,GME,1075222,1706186,19583,0.63019
2023-02-10,GME,817085,1231428,95782,0.663526
2023-02-13,GME,521717,894653,26709,0.58315
2023-02-14,GME,627136,1026892,65106,0.610713
2023-02-15,GME,1791602,3121829,80990,0.573895
2023-02-16,GME,716306,1353071,23326,0.529393
2023-02-17,GME,665110,1142523,17080,0.582141
2023-02-21,GME,672632,1079699,8133,0.622981
2023-02-22,GME,496700,772976,10567,0.642581
2023-02-23,GME,633774,1009351,10803,0.627902
2023-02-24,GME,484214,748432,38645,0.646971
2023-02-27,GME,1229525,1807626,47198,0.680188
2023-02-28,GME,619228,988953,17562,0.626145
2023-03-01,GME,998780,1469240,13521,0.679794
2023-03-02,GME,621059,907335,9692,0.684487
2023-03-03,GME,583935,926943,8861,0.629958
2023-03-06,GME,679699,1047798,14895,0.648693
2023-03-07,GME,490005,750076,5914,0.653274
2023-03-08,GME,535710,807457,4245,0.663453
2023-03-09,GME,592113,853274,5694,0.693931
2023-03-10,GME,729944,1039777,12496,0.70202
2023-03-13,GME,641199,998993,6848,0.641845
2023-03-14,GME,658296,1059720,6306,0.621198
2023-03-15,GME,1177637,1627571,21383,0.723555
2023-03-16,GME,750488,1082957,17955,0.692999
2023-03-17,GME,934016,1221275,8853,0.764788
2023-03-20,GME,1340347,1828399,5229,0.733071
2023-03-21,GME,1308068,2227985,46154,0.587108
2023-03-22,GME,20067622,33572654,337656,0.597737
2023-03-23,GME,3136031,5135786,70023,0.610623
2023-03-24,GME,2752184,4583823,51345,0.600412
2023-03-27,GME,1286091,2020328,16488,0.636575
2023-03-28,GME,1814207,2918535,22693,0.621616
2023-03-29,GME,1256937,2008934,12751,0.625674
2023-03-30,GME,1026410,1752505,8953,0.585682
2023-03-31,GME,854459,1547600,19392,0.552119
2023-04-03,GME,887457,1751500,13063,0.506684
2023-04-04,GME,744450,1316136,5540,0.565633
2023-04-05,GME,770459,1367486,6993,0.563413
2023-04-06,GME,512905,843059,7975,0.608386
2023-04-10,GME,521626,806711,9266,0.646608
2023-04-11,GME,569132,978153,12703,0.581844
2023-04-12,GME,564092,847727,10602,0.665417
2023-04-13,GME,309914,691731,4347,0.448027
2023-04-14,GME,551885,892251,7182,0.618531
2023-04-17,GME,392699,718328,7921,0.546685
2023-04-18,GME,673059,990436,9651,0.679558
2023-04-19,GME,592758,888828,111848,0.666898
2023-04-20,GME,768887,1114129,12097,0.690124
2023-04-21,GME,443151,705726,5145,0.627936
2023-04-24,GME,768315,1081395,9085,0.710485
2023-04-25,GME,544831,862640,7383,0.631586
2023-04-26,GME,486523,756537,7011,0.643092
2023-04-27,GME,492184,772098,6092,0.637463
2023-04-28,GME,543354,915679,15774,0.593389
2023-05-01,GME,564921,859104,3302,0.65757
2023-05-02,GME,434186,709526,8526,0.611938
2023-05-03,GME,639051,985920,18549,0.648177
2023-05-04,GME,511122,832562,8565,0.613915
2023-05-05,GME,1065819,1751548,9235,0.608501
2023-05-08,GME,555311,1143148,100021,0.485773
2023-05-09,GME,270574,528596,9023,0.511873
2023-05-10,GME,382247,813078,12339,0.470123
2023-05-11,GME,353071,715398,6962,0.493531
2023-05-12,GME,344939,722444,12766,0.477461
2023-05-15,GME,440054,950562,5494,0.462941
2023-05-16,GME,608188,1026097,12679,0.59272
2023-05-17,GME,1190262,1985611,16022,0.599444
2023-05-18,GME,392927,808012,8513,0.486289
2023-05-19,GME,553826,1158162,15760,0.478194
2023-05-22,GME,1017627,2406095,19103,0.422937
2023-05-23,GME,901228,1635803,8693,0.550939
2023-05-24,GME,285554,734090,4979,0.38899
2023-05-25,GME,552852,896570,19201,0.61663
2023-05-26,GME,584800,979648,19667,0.596949
2023-05-30,GME,1028400,2020070,21673,0.509091
2023-05-31,GME,791730,1420066,16863,0.55753
2023-06-01,GME,950292,1695433,14030,0.560501
2023-06-02,GME,680659,1344261,43300,0.506344
2023-06-05,GME,1071627,2297297,19861,0.466473
2023-06-06,GME,918303,1672951,20098,0.548912
2023-06-07,GME,3225541,5365818,130035,0.601128
2023-06-08,GME,4660815,8867306,238992,0.525618
2023-06-09,GME,1942397,4624836,231102,0.419993
2023-06-12,GME,1309833,2957337,112713,0.44291
2023-06-13,GME,3276894,7645188,127580,0.428622
2023-06-14,GME,1424686,3219284,108832,0.442547
2023-06-15,GME,1052659,2488337,57837,0.423037
2023-06-16,GME,538234,1265772,17357,0.425222
2023-06-20,GME,572867,1318038,30602,0.434636
2023-06-21,GME,425968,961080,12599,0.443218
2023-06-22,GME,366476,719516,5450,0.509337
2023-06-23,GME,250982,651983,2729,0.384952
2023-06-26,GME,470140,1093263,2879,0.430034
2023-06-27,GME,427542,926661,14324,0.461379
2023-06-28,GME,661441,1373806,14954,0.481466
2023-06-29,GME,634201,1262078,41543,0.502505
2023-06-30,GME,442136,992961,18057,0.44527
2023-07-03,GME,316033,740265,25180,0.426919
2023-07-05,GME,474543,924865,16870,0.513094
2023-07-06,GME,501820,829699,4901,0.604822
2023-07-07,GME,659809,1037645,14456,0.635872
2023-07-10,GME,938785,1431569,14640,0.655773
2023-07-11,GME,614172,1175669,12949,0.522402
2023-07-12,GME,399499,717950,9843,0.556444
2023-07-13,GME,388811,717294,5011,0.542052
2023-07-14,GME,549535,884845,20197,0.621052
2023-07-17,GME,559906,899987,18260,0.622127
2023-07-18,GME,499086,901614,16254,0.553547
2023-07-19,GME,532457,919007,27138,0.579383
2023-07-20,GME,453581,783618,14354,0.578829
2023-07-21,GME,561668,855112,18687,0.656836
2023-07-24,GME,706100,1218777,15026,0.579351
2023-07-25,GME,367278,663415,8698,0.553617
2023-07-26,GME,353910,581674,5101,0.608434
2023-07-27,GME,820507,1349031,21792,0.60822
2023-07-28,GME,794122,1142401,23956,0.695134
2023-07-31,GME,449192,765526,11993,0.586776
2023-08-01,GME,618102,936547,16637,0.65998
2023-08-02,GME,688314,1093516,4272,0.62945
2023-08-03,GME,313178,491688,10234,0.636945
2023-08-04,GME,650219,1050751,17978,0.618814
2023-08-07,GME,353713,606377,4485,0.583322
2023-08-08,GME,340582,538547,2419,0.632409
2023-08-09,GME,702750,969343,4661,0.724976
2023-08-10,GME,284636,544586,3632,0.522665
2023-08-11,GME,309453,532754,5897,0.580855
2023-08-14,GME,803678,1142643,3716,0.70335
2023-08-15,GME,559854,779118,5192,0.718574
2023-08-16,GME,803365,1133641,8534,0.708659
2023-08-17,GME,447773,656409,7108,0.682155
2023-08-18,GME,451126,668831,6655,0.674499
2023-08-21,GME,960099,1262048,5792,0.760747
2023-08-22,GME,1018035,1445308,14397,0.704372
2023-08-23,GME,576469,923178,7181,0.62444
2023-08-24,GME,855971,1293241,5559,0.661881
2023-08-25,GME,719066,1185953,8466,0.606319
2023-08-28,GME,686777,1232037,24208,0.557432
2023-08-29,GME,497021,1070192,9252,0.464422
2023-08-30,GME,329874,714588,10912,0.461628
2023-08-31,GME,770973,1262541,23409,0.610652
2023-09-01,GME,509480,775251,7849,0.657181
2023-09-05,GME,939261,1434121,19580,0.654938
2023-09-06,GME,1124726,1557176,21110,0.722286
2023-09-07,GME,1233827,1862227,15913,0.662555
2023-09-08,GME,1458334,2007257,36288,0.726531
2023-09-11,GME,931837,1382423,30408,0.674061
2023-09-12,GME,1386134,2186522,20340,0.633945
2023-09-13,GME,770519,1241259,15061,0.620756
2023-09-14,GME,665084,1123745,18450,0.591846
2023-09-15,GME,600144,872836,5328,0.687579
2023-09-18,GME,764317,1030160,4050,0.74194
2023-09-19,GME,545348,764732,1995,0.713123
2023-09-20,GME,392486,632821,8323,0.620216
2023-09-21,GME,899777,1102363,8633,0.816226
2023-09-22,GME,490882,732357,11116,0.670277
2023-09-25,GME,401274,745169,11243,0.538501
2023-09-26,GME,567949,862462,1205,0.658521
2023-09-27,GME,285330,589665,4148,0.483885
2023-09-28,GME,2146013,3130614,49807,0.685493
2023-09-29,GME,688288,1267548,6552,0.543007
2023-10-02,GME,1785716,2441438,6892,0.73142
2023-10-03,GME,1106493,1735505,10288,0.637563
2023-10-04,GME,613988,1072403,4180,0.572535
2023-10-05,GME,354225,688681,3246,0.514353
2023-10-06,GME,428462,923853,16942,0.463777
2023-10-09,GME,386316,735230,11546,0.525436
2023-10-10,GME,502996,1152678,7764,0.436372
2023-10-11,GME,511536,749043,4161,0.682919
2023-10-12,GME,801457,1165725,12765,0.687518
2023-10-13,GME,391275,608776,3575,0.642724
2023-10-16,GME,923581,1370592,12976,0.673856
2023-10-17,GME,835681,1222828,1914,0.6834
2023-10-18,GME,944643,1360300,6944,0.694437
2023-10-19,GME,1458266,2072791,11167,0.703528
2023-10-20,GME,951880,1458496,5113,0.652645
2023-10-23,GME,576381,887332,3410,0.649566
2023-10-24,GME,865484,1323029,6812,0.654169
2023-10-25,GME,384473,636029,9384,0.60449
2023-10-26,GME,432784,694595,5820,0.623074
2023-10-27,GME,563660,909754,3265,0.619574
2023-10-30,GME,780542,1314011,2875,0.594015
2023-10-31,GME,1130725,1695931,11880,0.666728
2023-11-01,GME,649425,1072631,3460,0.605451
2023-11-02,GME,685950,1273980,13375,0.538431
2023-11-03,GME,669344,1075829,13947,0.622166
2023-11-06,GME,469996,794803,3295,0.591336
2023-11-07,GME,579633,1019344,8495,0.568633
2023-11-08,GME,353987,633330,9272,0.55893
2023-11-09,GME,593707,903039,6504,0.657454
2023-11-10,GME,880395,1364099,840,0.645404
2023-11-13,GME,1139682,1600846,6257,0.711925
2023-11-14,GME,1258654,1920327,14631,0.655437
2023-11-15,GME,1063842,1558832,29269,0.682461
2023-11-16,GME,751395,1007113,2377,0.746088
2023-11-17,GME,685815,1149288,3666,0.59673
2023-11-20,GME,530560,856686,2859,0.619317
2023-11-21,GME,795127,1175080,5532,0.676658
2023-11-22,GME,662815,943898,893,0.70221
2023-11-24,GME,285562,447946,733,0.637492
2023-11-27,GME,897703,1180033,3150,0.760744
2023-11-28,GME,4232516,6620985,56760,0.639258
2023-11-29,GME,19839110,33015865,261167,0.600896
2023-11-30,GME,4817433,8427314,186751,0.571645
2023-12-01,GME,3983769,6794187,261606,0.58635
2023-12-04,GME,5850473,10052623,138038,0.581985
2023-12-05,GME,3968203,6420487,125142,0.618053
2023-12-06,GME,3336974,5304431,194268,0.629092
2023-12-07,GME,4015571,9023187,158785,0.445028
2023-12-08,GME,1773891,4963459,78740,0.35739
2023-12-11,GME,1126473,2275839,31918,0.49497
2023-12-12,GME,930576,1789309,14237,0.520076
2023-12-13,GME,2040053,3911711,48530,0.521524
2023-12-14,GME,2053110,4342543,64096,0.47279
2023-12-15,GME,1071805,2036115,20625,0.526397
2023-12-18,GME,1510363,3251745,66699,0.464478
2023-12-19,GME,1040142,2377840,37925,0.437431
2023-12-20,GME,1368409,2450564,17271,0.558406
2023-12-21,GME,821384,1524025,21384,0.538957
2023-12-22,GME,581798,1440555,29463,0.403871
2023-12-26,GME,567646,1310909,20068,0.433017
2023-12-27,GME,972821,2291834,30069,0.424473
2023-12-28,GME,822210,1598938,18284,0.514223
2023-12-29,GME,1047849,1883186,21171,0.556424
2024-01-02,GME,937308,1686941,6210,0.555626
2024-01-03,GME,968197,1618254,8116,0.598297
2024-01-04,GME,590361,941860,4132,0.626803
2024-01-05,GME,520357,844194,21886,0.616395
2024-01-08,GME,675032,1197337,15351,0.563778
2024-01-09,GME,827189,1218532,9944,0.678841
2024-01-10,GME,762238,1152734,5122,0.661244
2024-01-11,GME,696905,1088095,5671,0.640482
2024-01-12,GME,550147,916472,6170,0.600288
2024-01-16,GME,916699,1519296,11157,0.603371
2024-01-17,GME,636348,983539,3296,0.646998
2024-01-18,GME,956015,1381935,11321,0.691794
2024-01-19,GME,542091,868249,10530,0.62435
2024-01-22,GME,805899,1341752,10393,0.600632
2024-01-23,GME,865076,1309960,20253,0.660384
2024-01-24,GME,637564,1196469,19738,0.532871
2024-01-25,GME,1123284,1554572,19010,0.722568
2024-01-26,GME,543513,835424,2645,0.650583
2024-01-29,GME,519300,942998,5763,0.55069
2024-01-30,GME,352198,553952,3882,0.635792
2024-01-31,GME,621166,928171,3541,0.669237
2024-02-01,GME,440965,688108,2010,0.640837
2024-02-02,GME,680863,1063107,14930,0.640446
2024-02-05,GME,1361558,1826766,10483,0.745338
2024-02-06,GME,781018,1229088,12684,0.635445
2024-02-07,GME,426760,686820,3660,0.621356
2024-02-08,GME,427201,711757,15837,0.600206
2024-02-09,GME,866293,1368771,42668,0.632898
2024-02-12,GME,697032,1074475,9660,0.648719
2024-02-13,GME,778066,1210167,6830,0.642941
2024-02-14,GME,508246,848145,27213,0.599244
2024-02-15,GME,557590,907593,11465,0.614361
2024-02-16,GME,421950,630017,7036,0.669744
2024-02-20,GME,1083064,1444011,6477,0.750039
2024-02-21,GME,391067,644549,4297,0.60673
2024-02-22,GME,438644,720741,9692,0.608601
2024-02-23,GME,555318,899220,11349,0.617555
2024-02-26,GME,624194,881818,13787,0.707849
2024-02-27,GME,532525,968794,17773,0.549678
2024-02-28,GME,464940,979361,10147,0.474738
2024-02-29,GME,573601,936528,13428,0.612476
2024-03-01,GME,1223685,2092538,46224,0.584785
2024-03-04,GME,1029770,1570549,12022,0.655675
2024-03-05,GME,703741,1100290,13497,0.639596
2024-03-06,GME,892147,1461919,24761,0.610257
2024-03-07,GME,479853,833185,13337,0.575926
2024-03-08,GME,611314,1295346,19240,0.471931
2024-03-11,GME,442672,830583,9251,0.532965
2024-03-12,GME,574289,878913,8883,0.653408
2024-03-13,GME,589782,901784,5570,0.654017
2024-03-14,GME,559006,844455,8087,0.661973
2024-03-15,GME,680809,993059,15925,0.685568
2024-03-18,GME,732420,1068990,1756,0.685151
2024-03-19,GME,866212,1156034,7405,0.749296
2024-03-20,GME,740298,1015174,8084,0.729233
2024-03-21,GME,827750,1258780,4189,0.657581
2024-03-22,GME,1100311,1387194,19467,0.793192
2024-03-25,GME,2326177,4747508,40952,0.489979
2024-03-26,GME,3771631,5820063,61933,0.64804
2024-03-27,GME,4790444,7992614,354898,0.599359
2024-03-28,GME,2528925,3819955,161901,0.66203
2024-04-01,GME,2480265,3723659,73725,0.666083
2024-04-02,GME,1491872,2283058,25332,0.653453
2024-04-03,GME,1077159,1753275,20579,0.61437
2024-04-04,GME,1022137,1643766,23006,0.621826
2024-04-05,GME,1353322,1876073,42602,0.721359
2024-04-08,GME,887949,1385109,18593,0.641068
2024-04-09,GME,758723,1300125,43549,0.583577
2024-04-10,GME,832056,1198551,10806,0.694218
2024-04-11,GME,733272,1323849,30960,0.553894
2024-04-12,GME,572868,1077629,5110,0.5316
2024-04-15,GME,1242382,2128064,13473,0.583809
2024-04-16,GME,815499,1654589,10872,0.492871
2024-04-17,GME,410949,830898,3495,0.494584
2024-04-18,GME,363743,839571,2920,0.433249
2024-04-19,GME,422406,949117,9687,0.445052
2024-04-22,GME,708295,1088732,11597,0.650569
2024-04-23,GME,583688,876580,10382,0.66587
2024-04-24,GME,1420837,2215018,23307,0.641456
2024-04-25,GME,1298697,2036179,37114,0.637811
2024-04-26,GME,1920975,3181258,63191,0.603841
2024-04-29,GME,867241,1455429,22146,0.595866
2024-04-30,GME,529330,867415,16438,0.610238
2024-05-01,GME,565679,907349,5531,0.623441
2024-05-02,GME,2193938,3641872,80495,0.60242
2024-05-03,GME,9305150,17018157,333805,0.546778
2024-05-06,GME,14610417,23918638,1271321,0.610838
2024-05-07,GME,7890198,13710334,721364,0.575493
2024-05-08,GME,8270792,13722332,295111,0.602725
2024-05-09,GME,8658279,13999601,239449,0.618466
2024-05-10,GME,11650957,19400950,326356,0.600535
2024-05-13,GME,38642103,81239304,1161062,0.475658
2024-05-14,GME,32504942,65551276,1029093,0.49587
2024-05-15,GME,24643316,51674392,1937323,0.476896
2024-05-16,GME,21314015,36518613,1808411,0.583648
2024-05-17,GME,21556571,37927645,1655911,0.56836
2024-05-20,GME,12108123,26565696,1064451,0.45578
2024-05-21,GME,10495173,25819891,967992,0.406476
2024-05-22,GME,5576752,23504786,592020,0.23726
2024-05-23,GME,5226643,16291649,378974,0.320817
2024-05-24,GME,5855379,16778194,567583,0.348987
2024-05-28,GME,25373516,56543391,785747,0.448744
2024-05-29,GME,6426890,13060209,358755,0.492097
2024-05-30,GME,5276784,13923716,434821,0.378978
2024-05-31,GME,4854088,11433719,209773,0.424541
2024-06-03,GME,31717946,65462296,893907,0.484522
2024-06-04,GME,10399448,23625225,809502,0.440184
2024-06-05,GME,16795705,37125234,1500686,0.452407
2024-06-06,GME,46148499,93309727,1833162,0.494573
2024-06-07,GME,46203375,103785384,4144050,0.445182
2024-06-10,GME,21045570,60701720,1687576,0.346705
2024-06-11,GME,28013081,68891907,2366587,0.406624
2024-06-12,GME,32352562,72130625,1552836,0.448527
2024-06-13,GME,22692151,49091458,1994294,0.462242
2024-06-14,GME,19927547,42503174,768287,0.468848
2024-06-17,GME,20000590,42491998,1544135,0.470691
2024-06-18,GME,8225453,19467091,984507,0.422531
2024-06-20,GME,8504533,18606238,481563,0.45708
2024-06-21,GME,6243063,13244777,323293,0.47136
2024-06-24,GME,4387450,10680067,232882,0.410807
2024-06-25,GME,6468245,13987071,326701,0.462445
2024-06-26,GME,3880271,9539445,228332,0.406761
2024-06-27,GME,7215525,19325305,333726,0.373372
2024-06-28,GME,4113365,10427738,211947,0.394464
2024-07-01,GME,6847602,14112293,279577,0.485222
2024-07-02,GME,3291290,7421809,175076,0.443462
2024-07-03,GME,2790526,6631932,218812,0.420771
2024-07-05,GME,2649401,6278193,179798,0.422001
2024-07-08,GME,2607307,6288768,110465,0.414597
2024-07-09,GME,2105466,4897182,107050,0.429934
2024-07-10,GME,4910524,11686847,155708,0.420175
2024-07-11,GME,2694640,6669674,90866,0.404014
2024-07-12,GME,3512457,8666780,109397,0.405278
2024-07-15,GME,3859050,8946843,123305,0.431331
2024-07-16,GME,5190679,11774730,160905,0.440832
2024-07-17,GME,5278275,11755896,146747,0.44899
2024-07-18,GME,3903546,9429485,130351,0.413972
2024-07-19,GME,2530597,6331192,86273,0.399703
2024-07-22,GME,2935233,7175099,86978,0.409086
2024-07-23,GME,1613774,4211466,71153,0.383186
2024-07-24,GME,1844787,4826818,75866,0.382195
2024-07-25,GME,1531997,4083363,34912,0.37518
2024-07-26,GME,1287087,3223411,34408,0.399293
2024-07-29,GME,1556936,3545499,34127,0.43913
2024-07-30,GME,1710592,4459905,49171,0.383549
2024-07-31,GME,1435610,3621112,59584,0.396456
2024-08-01,GME,1844330,4593090,44017,0.401544
2024-08-02,GME,1738906,4496963,59901,0.386685
2024-08-05,GME,1461413,4779681,193881,0.305755
2024-08-06,GME,1230170,3264088,134585,0.37688
2024-08-07,GME,993638,2637516,28512,0.376733
2024-08-08,GME,835148,2507685,12669,0.333035
2024-08-09,GME,869455,2219290,23983,0.391772
2024-08-12,GME,725420,1977805,27493,0.36678
2024-08-13,GME,449069,1767728,7999,0.254037
2024-08-14,GME,500840,1494926,14272,0.335027
2024-08-15,GME,677926,2302063,23915,0.294486
2024-08-16,GME,525652,1662862,14468,0.316113
2024-08-19,GME,678011,2101219,12249,0.322675
2024-08-20,GME,618982,1713109,28781,0.361321
2024-08-21,GME,426895,1364961,11602,0.312753
2024-08-22,GME,424393,1570395,19200,0.270246
2024-08-23,GME,399312,1478067,17736,0.270158
2024-08-26,GME,558486,2067486,19563,0.270128
2024-08-27,GME,608313,1948139,24405,0.312253
2024-08-28,GME,627542,2254353,26861,0.278369
2024-08-29,GME,2315809,5698412,51636,0.406396
2024-08-30,GME,2896204,6584941,77250,0.439822
2024-09-03,GME,2328631,5598560,59400,0.415934
2024-09-04,GME,1124531,3305299,35538,0.340221
2024-09-05,GME,813679,2235377,25850,0.364001
2024-09-06,GME,5988248,13310107,116478,0.449902
2024-09-09,GME,2438004,6533454,65833,0.373157
2024-09-10,GME,2744153,6390192,38032,0.429432
2024-09-11,GME,4919626,13677733,460057,0.359681
2024-09-12,GME,1128409,5056641,136322,0.223154
2024-09-13,GME,1287084,4151233,64013,0.310049
2024-09-16,GME,1058120,3077207,18630,0.343857
2024-09-17,GME,1050564,2849376,25193,0.3687
2024-09-18,GME,1642598,4643032,51119,0.353777
2024-09-19,GME,1252155,3586596,25271,0.349121
2024-09-20,GME,6614144,20203202,138994,0.327381
2024-09-23,GME,2536000,6091271,46538,0.416333
2024-09-24,GME,2309396,5614165,87450,0.411352
2024-09-25,GME,1088566,2895698,50297,0.375925
2024-09-26,GME,1157660,2968559,51801,0.389974
2024-09-27,GME,1253567,3600384,63013,0.348176
2024-09-30,GME,1917492,5525503,133242,0.347026
2024-10-01,GME,1261226,3606490,33954,0.34971
2024-10-02,GME,1180601,3095379,46316,0.381408
2024-10-03,GME,839602,2114066,10216,0.39715
2024-10-04,GME,874231,2062620,15468,0.423845
2024-10-07,GME,1079758,2774140,42480,0.389223
2024-10-08,GME,984369,2615942,47010,0.376296
2024-10-09,GME,785566,1958763,17832,0.401052
2024-10-10,GME,786626,2181876,21669,0.360527
2024-10-11,GME,671521,1897653,24009,0.353869
2024-10-14,GME,1417446,3861528,47795,0.367069
2024-10-15,GME,821508,2514785,52561,0.326671
2024-10-16,GME,778001,2375103,38158,0.327565
2024-10-17,GME,594151,1610065,27242,0.369023
2024-10-18,GME,946523,2637179,22710,0.358915
2024-10-21,GME,775055,2032508,43509,0.381329
2024-10-22,GME,667438,1761991,18370,0.378798
2024-10-23,GME,579807,1566508,22827,0.370127
2024-10-24,GME,482297,1297236,14021,0.371788
2024-10-25,GME,1230729,3274898,19747,0.375807
2024-10-28,GME,2899022,7115520,86971,0.407422
2024-10-29,GME,1279679,4104254,36449,0.311793
2024-10-30,GME,2339708,5937497,56559,0.394056
2024-10-31,GME,1062491,3001906,30218,0.353939
2024-11-01,GME,976432,2434513,19157,0.401079
2024-11-04,GME,753441,2207562,26037,0.3413
2024-11-05,GME,1075422,2855108,30729,0.376666
2024-11-06,GME,966034,2920155,19573,0.330816
2024-11-07,GME,823315,2811829,32017,0.292804
2024-11-08,GME,3185630,8256829,89306,0.385818
2024-11-11,GME,5149472,13096627,109554,0.393191
2024-11-12,GME,3179927,8819168,131207,0.36057
2024-11-13,GME,4203114,10052056,129793,0.418135
2024-11-14,GME,4068333,9255092,203870,0.439578
2024-11-15,GME,3416054,8421586,139148,0.405631
2024-11-18,GME,1669060,4472819,34242,0.373156
2024-11-19,GME,1439880,4313835,20287,0.333782
2024-11-20,GME,4572611,12645793,100921,0.361591
2024-11-21,GME,2068875,5467685,22868,0.378382
2024-11-22,GME,1312408,3872723,42044,0.338885
2024-11-25,GME,1933717,5972600,45001,0.323765
2024-11-26,GME,5280497,13312751,107349,0.39665
2024-11-27,GME,2283156,6437919,21233,0.354642
2024-11-29,GME,1508627,5396927,80659,0.279534
2024-12-02,GME,1901664,6816585,92583,0.278976
2024-12-03,GME,631955,2657948,19237,0.23776
2024-12-04,GME,985056,3258973,34010,0.30226
2024-12-05,GME,7607059,20723552,107149,0.367073
2024-12-06,GME,2463612,7113670,38436,0.346321
2024-12-09,GME,1568481,5558794,58608,0.282162
2024-12-10,GME,1756497,5410801,27854,0.324628
2024-12-11,GME,3672802,10338073,50530,0.355269
2024-12-12,GME,1623425,4531258,25392,0.358272
2024-12-13,GME,1508678,3606391,22288,0.418335
2024-12-16,GME,1239482,3845809,17927,0.322294
2024-12-17,GME,3676477,9905324,42162,0.371162
2024-12-18,GME,1823633,6246816,40081,0.29193
2024-12-19,GME,1650894,5200750,22463,0.317434
2024-12-20,GME,1587957,5144151,30749,0.308692
2024-12-23,GME,1800575,4400330,22424,0.409191
2024-12-24,GME,1128078,2853504,13015,0.395331
2024-12-26,GME,4355011,10408238,62977,0.41842
2024-12-27,GME,1872675,4909978,30891,0.381402
2024-12-30,GME,1996552,4977844,28594,0.401088
2024-12-31,GME,1431964,3651471,26126,0.392161
2025-01-02,GME,1553455,3718466,14012,0.417768
2025-01-03,GME,1329536,3586149,11180,0.370742
2025-01-06,GME,2389663,5863450,31115,0.407552
2025-01-07,GME,3218379,6818458,31872,0.47201
2025-01-08,GME,1415909,3057157,7450,0.463146
2025-01-10,GME,1375318,3162679,16120,0.434859
2025-01-13,GME,1168417,2664040,27488,0.438588
2025-01-14,GME,1823680,5892111,91404,0.309512
2025-01-15,GME,848275,2879410,110487,0.2946
2025-01-16,GME,894455,2114308,12651,0.423049
2025-01-17,GME,1770113,4763682,25628,0.371585
2025-01-21,GME,941668,3036052,50362,0.310162
2025-01-22,GME,789923,2259803,4300,0.349554
2025-01-23,GME,1812648,3986373,28163,0.454711
2025-01-24,GME,843319,2154497,7385,0.391423
2025-01-27,GME,692060,2103311,16361,0.329034
2025-01-28,GME,546689,1586312,6224,0.344629
2025-01-29,GME,564123,1524707,5833,0.369988
2025-01-30,GME,547809,1521022,6194,0.360158
2025-01-31,GME,627175,1995644,14287,0.314272
2025-02-03,GME,791937,2387672,19996,0.331677
2025-02-04,GME,560151,1665207,2053,0.336385
2025-02-05,GME,643343,2289918,11533,0.280946
2025-02-06,GME,718593,2062325,4495,0.348438
2025-02-07,GME,697312,1638793,13220,0.425503
2025-02-10,GME,2034964,4588902,9899,0.443453
2025-02-11,GME,1145471,3563326,15637,0.321461
2025-02-12,GME,692209,2071998,14374,0.334078
2025-02-13,GME,518866,1567478,8667,0.33102
2025-02-14,GME,2418827,6033640,18110,0.40089
2025-02-18,GME,1027441,2580871,12719,0.398099
2025-02-19,GME,643551,1926102,6346,0.334121
2025-02-20,GME,1549094,4102590,6708,0.377589
2025-02-21,GME,930953,2829238,899,0.329047
2025-02-24,GME,1474475,2821823,17681,0.522526
2025-02-25,GME,1213253,3323092,9291,0.365098
2025-02-26,GME,662691,1631974,4045,0.406067
2025-02-27,GME,834234,2194789,3902,0.380098
2025-02-28,GME,594153,1577442,5581,0.376656
2025-03-03,GME,906745,1921875,11439,0.471802
2025-03-04,GME,792880,2078254,4479,0.381513
2025-03-05,GME,601524,1335477,2423,0.450419
2025-03-06,GME,756580,1821733,2778,0.415308
2025-03-07,GME,636761,1597072,11132,0.398705
2025-03-10,GME,772063,2543569,9988,0.303535
2025-03-11,GME,601484,1989264,2666,0.302365
2025-03-12,GME,757738,1567885,2710,0.483287
2025-03-13,GME,812535,1949975,4228,0.41669
2025-03-14,GME,784251,1854134,7037,0.422974
2025-03-17,GME,589345,1311809,8219,0.449261
2025-03-18,GME,398072,984491,13227,0.404343
2025-03-19,GME,537532,1265181,1369,0.424866
2025-03-20,GME,418907,876869,3334,0.47773
2025-03-21,GME,942499,2138554,213,0.440718
2025-03-24,GME,1164455,2282581,6575,0.510148
2025-03-25,GME,1250786,2327524,9354,0.537389
2025-03-26,GME,9239296,21961018,76972,0.420713
2025-03-27,GME,30884606,46137815,1487630,0.669399
2025-03-28,GME,20582606,26664581,337915,0.771908
2025-03-31,GME,4529632,7821290,8826,0.579141
2025-04-01,GME,5613323,8391426,24280,0.668936
2025-04-02,GME,4677933,6882353,77940,0.6797
2025-04-03,GME,3338373,5582005,4671,0.59806
2025-04-04,GME,5577603,10896961,13898,0.511849
2025-04-07,GME,3981052,8089940,20624,0.492099
2025-04-08,GME,2754452,6131362,34527,0.44924
2025-04-09,GME,3330372,7702685,11492,0.432365
2025-04-10,GME,2232408,5848165,28234,0.381728
2025-04-11,GME,2290384,5465598,29719,0.419055
2025-04-14,GME,2454998,5222519,2291,0.470079
2025-04-15,GME,1367748,3322997,6631,0.411601
2025-04-16,GME,1161542,2992490,14240,0.388152
2025-04-17,GME,1664568,3810915,15346,0.43679
2025-04-21,GME,1575148,3836440,5645,0.410575
2025-04-22,GME,2626384,5652896,18485,0.464609
2025-04-23,GME,2155688,5027459,11487,0.428783
2025-04-24,GME,835828,2617831,17213,0.319283
2025-04-25,GME,775492,2630629,5270,0.294793
2025-04-28,GME,1257874,2771816,11182,0.453809
2025-04-29,GME,1038477,2733328,7005,0.379931
2025-04-30,GME,1356201,3067392,13069,0.442135
2025-05-01,GME,1035156,2522094,4202,0.410435
2025-05-02,GME,1058274,2976023,10485,0.3556
2025-05-05,GME,1811236,3658617,10541,0.49506
2025-05-06,GME,1452398,3088245,10155,0.470299
2025-05-07,GME,924457,2069410,5215,0.446725
2025-05-08,GME,1473205,3460785,12450,0.425685
2025-05-09,GME,1391104,3535655,7940,0.39345
2025-05-12,GME,1589591,3364350,24869,0.472481
2025-05-13,GME,2428332,5376735,45136,0.451637
2025-05-14,GME,4396820,8070454,16129,0.544805
2025-05-15,GME,2998032,5550354,45164,0.540151
2025-05-16,GME,1225639,2965552,10542,0.413292
2025-05-19,GME,791174,2266068,3148,0.34914
2025-05-20,GME,861993,2527257,12306,0.341078
2025-05-21,GME,1421020,4391672,20403,0.323572
2025-05-22,GME,3815856,9686613,13738,0.393931
2025-05-23,GME,6200145,14152846,49466,0.438085
2025-05-27,GME,5510365,15428091,35073,0.357164
2025-05-28,GME,7943388,21434345,543145,0.370592
2025-05-29,GME,2004119,8068721,307797,0.248381
2025-05-30,GME,1598052,5143672,18968,0.310683
2025-06-02,GME,1349051,4040468,18797,0.333885
2025-06-03,GME,929648,3198562,1342,0.290646
2025-06-04,GME,1117190,4210520,3577,0.265333
2025-06-05,GME,1100670,3336046,18411,0.329933
2025-06-06,GME,1177047,2412209,6926,0.487954
2025-06-09,GME,1484314,2943480,2581,0.504272
2025-06-10,GME,2242627,4774129,10715,0.469746
2025-06-11,GME,1931340,5815007,33110,0.33213
2025-06-12,GME,61060074,86166905,3155251,0.708626
2025-06-13,GME,22883104,36795866,684082,0.621893
2025-06-16,GME,8658377,15502268,12420,0.558523
2025-06-17,GME,10894759,16102357,6340,0.676594
2025-06-18,GME,2675162,6397682,13186,0.418146
2025-06-20,GME,5377481,9015056,6649,0.5965
2025-06-23,GME,3036505,6554967,116650,0.463237
2025-06-24,GME,4486105,7097320,4824,0.632084
2025-06-25,GME,3726170,6051436,8820,0.61575
2025-06-26,GME,2294835,4585667,3748,0.500436
2025-06-27,GME,4022667,6436329,7309,0.624994
2025-06-30,GME,3061979,5683444,12162,0.538754
2025-07-01,GME,1900825,4195734,17429,0.453038
2025-07-02,GME,1114270,2840811,12743,0.392237
2025-07-03,GME,1210274,2818593,2797,0.429389
2025-07-07,GME,3133620,6166535,9337,0.508165
2025-07-08,GME,2350570,4372224,22712,0.537614
2025-07-09,GME,3893863,8061878,7745,0.482997
2025-07-10,GME,713118,1733423,5180,0.411393
2025-07-11,GME,2480271,6177668,5897,0.40149
2025-07-14,GME,1871924,3889810,12322,0.481238
2025-07-15,GME,1994707,4128612,9380,0.483142
2025-07-16,GME,2169660,4391048,19419,0.49411
2025-07-17,GME,2179455,4050650,23038,0.538051
2025-07-18,GME,2112904,3980154,15366,0.53086
2025-07-21,GME,4731714,10018527,24820,0.472296
2025-07-22,GME,2384975,5480202,12855,0.435198
2025-07-23,GME,1812791,4316851,3068,0.419934
2025-07-24,GME,2085257,3740685,7517,0.557453
2025-07-25,GME,3237771,4645419,5353,0.696981
2025-07-28,GME,5480076,8638237,18018,0.634398
2025-07-29,GME,1419415,2915058,8917,0.486925
2025-07-30,GME,1490471,3164999,8467,0.470923
2025-07-31,GME,6093850,8874357,8376,0.686681
2025-08-01,GME,2279991,4408067,8074,0.517231
2025-08-04,GME,1131055,2677267,2102,0.422466
2025-08-05,GME,1120143,2642002,3495,0.423975
2025-08-06,GME,905978,2076530,3136,0.436294
2025-08-07,GME,1049050,2423711,17393,0.432828
2025-08-08,GME,1168190,2632238,19262,0.443801
2025-08-11,GME,1097008,2694022,7510,0.407201
2025-08-12,GME,837103,2499813,3625,0.334866
2025-08-13,GME,887235,2747671,5959,0.322904
2025-08-14,GME,830249,2117226,4226,0.39214
2025-08-15,GME,879127,2472335,8605,0.355586
2025-08-18,GME,1056682,2661568,6561,0.397015
2025-08-19,GME,676540,2152754,2556,0.314267
2025-08-20,GME,1059704,2107332,4666,0.502865
2025-08-21,GME,1392729,2348877,4113,0.592934
2025-08-22,GME,799534,2754798,6700,0.290233
2025-08-25,GME,640550,1884286,752,0.339943
2025-08-26,GME,1707700,3587108,0,0.476066
2025-08-27,GME,2150713,3634041,6597,0.591824
2025-08-28,GME,1698366,4008302,436,0.423712
2025-08-29,GME,888767,2856049,1363,0.311188
2025-09-02,GME,2125643,4955757,6686,0.428924
2025-09-03,GME,2596822,5439222,21404,0.477425
2025-09-04,GME,1236133,2796210,1310,0.442074
2025-09-05,GME,2441639,4976249,1922,0.490659
2025-09-08,GME,3194902,6288759,6602,0.508034
2025-09-09,GME,4401253,8403368,6411,0.523749
2025-09-10,GME,14658890,25742185,9139,0.56945
2025-09-11,GME,2681910,6551856,7811,0.409336
2025-09-12,GME,2995026,5434581,1216,0.551105
2025-09-15,GME,1953363,5266956,16410,0.370871
2025-09-16,GME,1969007,5169016,4359,0.380925
2025-09-17,GME,1463315,4306381,13879,0.339802
2025-09-18,GME,2099849,4270523,11871,0.491708
2025-09-19,GME,1709462,3770795,13401,0.453343
2025-09-22,GME,3910833,6262605,11834,0.624474
2025-09-23,GME,2278939,4026845,3246,0.565937
2025-09-24,GME,1624829,3146046,10177,0.516467
2025-09-25,GME,2209950,4004700,6925,0.551839
2025-09-26,GME,1796115,3749248,1739,0.47906
2025-09-29,GME,2348399,3649000,13635,0.643573
2025-09-30,GME,1747357,2834209,13817,0.616524
2025-10-01,GME,2463119,4235599,7370,0.581528
2025-10-02,GME,4587453,7443136,11947,0.616333
2025-10-03,GME,2236523,4716689,13837,0.474172
2025-10-06,GME,2204957,4350435,6122,0.506836
2025-10-07,GME,2400390,4286677,2481,0.559965
2025-10-08,GME,1926755,3686945,13962,0.522588
2025-10-09,GME,1947747,3576252,6736,0.544634
2025-10-10,GME,1493914,3447294,6334,0.433358
2025-10-13,GME,1151382,2640363,1675,0.43607
2025-10-14,GME,784735,1740263,2282,0.450929
2025-10-15,GME,1502330,2694069,2213,0.557643
2025-10-16,GME,1805714,3264531,2173,0.553131
2025-10-17,GME,2171899,3635046,2919,0.597489
2025-10-20,GME,569525,1926279,10216,0.295661
2025-10-21,GME,761597,2968355,13101,0.256572
2025-10-22,GME,2615900,5927146,21343,0.441342
2025-10-23,GME,3874904,6809763,8097,0.569022
2025-10-24,GME,1295269,3066591,3054,0.422381
2025-10-27,GME,2115965,4241531,14077,0.498868
2025-10-28,GME,3395656,5003632,9916,0.678638
2025-10-29,GME,1226852,2871018,4955,0.427323
2025-10-30,GME,1713819,3015189,8103,0.568395
2025-10-31,GME,1117471,2336755,4770,0.478215
2025-11-03,GME,1339621,2786517,5875,0.480751
2025-11-04,GME,1214001,2723603,18192,0.445733
2025-11-05,GME,717709,1810275,4628,0.396464
2025-11-06,GME,1576129,2699682,7293,0.58382
2025-11-07,GME,859484,2488441,3272,0.345391
2025-11-10,GME,1093152,2278515,5636,0.479765
2025-11-11,GME,559926,1182762,390,0.473405
2025-11-12,GME,1077986,1983013,300,0.54361
2025-11-13,GME,2100552,3606997,877,0.582355
2025-11-14,GME,1014221,2677486,5822,0.378796
2025-11-17,GME,868159,2073360,67,0.418721
2025-11-18,GME,871169,1701030,3886,0.512142
2025-11-19,GME,2012907,3133577,3446,0.642367
2025-11-20,GME,2333166,3517502,5666,0.663302
2025-11-21,GME,1488756,2864748,8200,0.519681
2025-11-24,GME,994564,2497233,5975,0.398266
2025-11-25,GME,1081710,2151371,14801,0.5028
2025-11-26,GME,975996,2072979,6602,0.470818
2025-11-28,GME,2536505,4344573,9428,0.583833
2025-12-01,GME,1562545,3166443,1937,0.49347
2025-12-02,GME,1625267,3175092,2880,0.51188
2025-12-03,GME,1480416,2651411,2803,0.55835
2025-12-04,GME,3018156,4355235,10584,0.692995
2025-12-05,GME,1587169,2747667,960,0.577642
2025-12-08,GME,1388092,2527130,1026,0.549276
2025-12-09,GME,1873395,3153964,8586,0.593981
2025-12-10,GME,2397096,4994715,31769,0.479926
2025-12-11,GME,986173,2126308,23353,0.463796
2025-12-12,GME,1227472,2763396,15369,0.44419
2025-12-15,GME,2007027,4086734,19581,0.491108
2025-12-16,GME,973940,1865859,1712,0.521979
2025-12-17,GME,1148730,2552092,24026,0.450113
2025-12-18,GME,1227437,2136048,2446,0.57463
2025-12-19,GME,632805,1477564,3661,0.428276
2025-12-22,GME,2314981,3909253,14410,0.59218
2025-12-23,GME,1482029,2468900,2676,0.600279
2025-12-24,GME,13286,82333,0,0.161369
2025-12-26,GME,13218,182931,0,0.072257
2025-12-29,GME,38091,107458,0,0.354473
2025-12-30,GME,16754,122030,0,0.137294
2025-12-31,GME,12165,184791,0,0.065831
2026-01-02,GME,11559,228440,1784,0.0506
2026-01-05,GME,33308,61810,0,0.538877
2026-01-06,GME,23923,62058,0,0.385494
2026-01-07,GME,109910,1073984,0,0.102339
2026-01-08,GME,30977,55545,250,0.557692
2026-01-09,GME,65885,92959,0,0.708753
2026-01-12,GME,68072,85800,20,0.79338
2026-01-13,GME,47475,86479,0,0.548977
2026-01-14,GME,15455,67715,0,0.228236
2026-01-15,GME,9533,101541,0,0.093883
2026-01-16,GME,23524,45369,0,0.518504
2026-01-20,GME,90934,199084,0,0.456762
2026-01-21,GME,47442,181587,0,0.261263
2026-01-22,GME,106903,246068,0,0.434445
2026-01-23,GME,43360,98718,1,0.439231
2026-01-26,GME,762913,1014512,101,0.752
2026-01-27,GME,157270,306560,222,0.513015
2026-01-28,GME,71911,160371,200,0.448404
2026-01-29,GME,68904,137005,0,0.502931
2026-01-30,GME,117402,225339,0,0.521002
2026-02-02,GME,153789,623742,50,0.246559
2026-02-03,GME,90953,263761,40,0.344831
2026-02-04,GME,22510,227098,0,0.09912
2026-02-05,GME,39261,164857,0,0.238152
2026-02-06,GME,28909,140279,45,0.206082
2026-02-09,GME,10855,244828,0,0.044337
2026-02-10,GME,17100,137168,0,0.124665
2026-02-11,GME,15645,47887,0,0.326707
2026-02-12,GME,35493,93269,0,0.380544
2026-02-13,GME,15059,46032,0,0.327142
2026-02-17,GME,52648,112632,0,0.467434
2026-02-18,GME,40512,71401,1,0.567387
2026-02-19,GME,31727,50446,0,0.62893
2026-02-20,GME,23050,44542,0,0.517489
