strategy,config,timeframe,total_return_pct,total_pnl,total_trades,win_rate_pct,profit_factor,max_drawdown_pct,sharpe,sortino,calmar,avg_win,avg_loss
DmiVwapStrategy,default | risk-0.5%,5m,-31.508,-31507.973,861,35.89,0.68,32.6257,-0.3,-0.41,-0.53,212.13,-175.83
DmiVwapStrategy,default | risk-1%,5m,-31.9904,-31990.41,861,35.89,0.68,33.1015,-0.27,-0.36,-0.53,220.62,-181.45
DmiVwapStrategy,default | risk-2%,5m,-32.2962,-32296.2263,861,35.89,0.68,33.4074,-0.27,-0.36,-0.53,221.02,-182.23
DmiVwapStrategy,adx-20 | risk-0.5%,5m,-31.1046,-31104.6361,1047,36.29,0.73,32.6523,-0.26,-0.37,-0.53,224.11,-174.31
DmiVwapStrategy,adx-20 | risk-1%,5m,-32.194,-32193.9782,1047,36.29,0.73,33.7103,-0.24,-0.34,-0.53,230.07,-179.34
DmiVwapStrategy,adx-20 | risk-2%,5m,-32.4762,-32476.2086,1047,36.29,0.73,33.9921,-0.24,-0.32,-0.53,230.54,-180.03
DmiVwapStrategy,adx-30 | risk-0.5%,5m,-28.8414,-28841.4126,693,34.78,0.65,30.4959,-0.31,-0.43,-0.52,218.22,-180.16
DmiVwapStrategy,adx-30 | risk-1%,5m,-29.2573,-29257.3247,693,34.78,0.65,30.8985,-0.29,-0.39,-0.52,224.8,-184.59
DmiVwapStrategy,adx-30 | risk-2%,5m,-29.5342,-29534.2495,693,34.78,0.65,31.1725,-0.28,-0.37,-0.52,227.86,-186.83
DmiVwapStrategy,adx-rising | risk-0.5%,5m,-33.6349,-33634.8983,795,34.97,0.63,33.9783,-0.34,-0.46,-0.55,208.94,-177.41
DmiVwapStrategy,adx-rising | risk-1%,5m,-34.128,-34127.9615,795,34.97,0.64,34.4728,-0.31,-0.41,-0.55,217.96,-183.21
DmiVwapStrategy,adx-rising | risk-2%,5m,-34.4105,-34410.5355,795,34.97,0.64,34.7537,-0.3,-0.4,-0.55,218.43,-184.01
DmiVwapStrategy,rr-1.5 | risk-0.5%,5m,-31.508,-31507.973,861,35.89,0.68,32.6257,-0.3,-0.41,-0.53,212.13,-175.83
DmiVwapStrategy,rr-1.5 | risk-1%,5m,-31.9904,-31990.41,861,35.89,0.68,33.1015,-0.27,-0.36,-0.53,220.62,-181.45
DmiVwapStrategy,rr-1.5 | risk-2%,5m,-32.2962,-32296.2263,861,35.89,0.68,33.4074,-0.27,-0.36,-0.53,221.02,-182.23
DmiVwapStrategy,rr-2.5 | risk-0.5%,5m,-31.508,-31507.973,861,35.89,0.68,32.6257,-0.3,-0.41,-0.53,212.13,-175.83
DmiVwapStrategy,rr-2.5 | risk-1%,5m,-31.9904,-31990.41,861,35.89,0.68,33.1015,-0.27,-0.36,-0.53,220.62,-181.45
DmiVwapStrategy,rr-2.5 | risk-2%,5m,-32.2962,-32296.2263,861,35.89,0.68,33.4074,-0.27,-0.36,-0.53,221.02,-182.23
DmiVwapStrategy,rr-3.0 | risk-0.5%,5m,-31.508,-31507.973,861,35.89,0.68,32.6257,-0.3,-0.41,-0.53,212.13,-175.83
DmiVwapStrategy,rr-3.0 | risk-1%,5m,-31.9904,-31990.41,861,35.89,0.68,33.1015,-0.27,-0.36,-0.53,220.62,-181.45
DmiVwapStrategy,rr-3.0 | risk-2%,5m,-32.2962,-32296.2263,861,35.89,0.68,33.4074,-0.27,-0.36,-0.53,221.02,-182.23
DmiVwapStrategy,dmi-10 | risk-0.5%,5m,-30.1792,-30179.2058,1168,36.39,0.74,31.8469,-0.26,-0.37,-0.52,201.54,-155.9
DmiVwapStrategy,dmi-10 | risk-1%,5m,-30.8868,-30886.8478,1168,36.39,0.74,32.5376,-0.24,-0.33,-0.52,205.67,-159.21
DmiVwapStrategy,dmi-10 | risk-2%,5m,-31.1898,-31189.8496,1168,36.39,0.74,32.8246,-0.24,-0.32,-0.52,206.0,-159.81
DmiVwapStrategy,dmi-20 | risk-0.5%,5m,-19.9466,-19946.5995,562,39.68,0.73,22.2628,-0.21,-0.28,-0.48,240.0,-216.72
DmiVwapStrategy,dmi-20 | risk-1%,5m,-22.7257,-22725.6679,562,39.68,0.7,24.9441,-0.21,-0.28,-0.49,243.27,-227.07
DmiVwapStrategy,dmi-20 | risk-2%,5m,-22.5442,-22544.2346,562,39.68,0.71,24.781,-0.2,-0.26,-0.49,247.38,-229.23
DmiVwapStrategy,tight-sl | risk-0.5%,5m,-31.6863,-31686.3315,861,35.89,0.68,32.8104,-0.28,-0.38,-0.53,217.38,-179.09
DmiVwapStrategy,tight-sl | risk-1%,5m,-32.2962,-32296.2263,861,35.89,0.68,33.4074,-0.27,-0.36,-0.53,221.02,-182.23
DmiVwapStrategy,tight-sl | risk-2%,5m,-32.2962,-32296.2263,861,35.89,0.68,33.4074,-0.27,-0.36,-0.53,221.02,-182.23
DmiVwapStrategy,wide-sl | risk-0.5%,5m,-31.4076,-31407.647,861,35.89,0.67,32.5252,-0.32,-0.43,-0.53,207.09,-172.82
DmiVwapStrategy,wide-sl | risk-1%,5m,-31.6873,-31687.2589,861,35.89,0.68,32.8114,-0.28,-0.38,-0.53,217.38,-179.09
DmiVwapStrategy,wide-sl | risk-2%,5m,-32.2962,-32296.2263,861,35.89,0.68,33.4074,-0.27,-0.36,-0.53,221.02,-182.23
ORBreakoutStrategy,default | risk-0.5%,5m,-0.4753,-475.3126,5,20.0,0.25,0.4994,-0.15,-0.18,-0.48,159.49,-158.7
ORBreakoutStrategy,default | risk-1%,5m,-0.4753,-475.3126,5,20.0,0.25,0.4994,-0.15,-0.18,-0.48,159.49,-158.7
ORBreakoutStrategy,default | risk-2%,5m,-0.4753,-475.3126,5,20.0,0.25,0.4994,-0.15,-0.18,-0.48,159.49,-158.7
ORBreakoutStrategy,or-15 | risk-0.5%,5m,0.0174,17.384,2,50.0,1.12,0.1847,0.01,0.01,0.05,160.45,-143.07
ORBreakoutStrategy,or-15 | risk-1%,5m,0.0174,17.384,2,50.0,1.12,0.1847,0.01,0.01,0.05,160.45,-143.07
ORBreakoutStrategy,or-15 | risk-2%,5m,0.0174,17.384,2,50.0,1.12,0.1847,0.01,0.01,0.05,160.45,-143.07
ORBreakoutStrategy,or-45 | risk-0.5%,5m,-0.4753,-475.3126,5,20.0,0.25,0.4994,-0.15,-0.18,-0.48,159.49,-158.7
ORBreakoutStrategy,or-45 | risk-1%,5m,-0.4753,-475.3126,5,20.0,0.25,0.4994,-0.15,-0.18,-0.48,159.49,-158.7
ORBreakoutStrategy,or-45 | risk-2%,5m,-0.4753,-475.3126,5,20.0,0.25,0.4994,-0.15,-0.18,-0.48,159.49,-158.7
ORBreakoutStrategy,or-60 | risk-0.5%,5m,-0.512,-511.984,15,46.67,0.6,0.6189,-0.07,-0.1,-0.42,110.36,-160.56
ORBreakoutStrategy,or-60 | risk-1%,5m,-0.512,-511.984,15,46.67,0.6,0.6189,-0.07,-0.1,-0.42,110.36,-160.56
ORBreakoutStrategy,or-60 | risk-2%,5m,-0.512,-511.984,15,46.67,0.6,0.6189,-0.07,-0.1,-0.42,110.36,-160.56
ORBreakoutStrategy,rvol-1.5 | risk-0.5%,5m,-0.4467,-446.7404,11,54.55,0.55,0.5877,-0.09,-0.11,-0.38,90.55,-198.01
ORBreakoutStrategy,rvol-1.5 | risk-1%,5m,-0.4467,-446.7404,11,54.55,0.55,0.5877,-0.09,-0.11,-0.38,90.55,-198.01
ORBreakoutStrategy,rvol-1.5 | risk-2%,5m,-0.4467,-446.7404,11,54.55,0.55,0.5877,-0.09,-0.11,-0.38,90.55,-198.01
ORBreakoutStrategy,rvol-3.0 | risk-0.5%,5m,0.1605,160.4536,1,100.0,999.99,0.0417,0.11,0.28,1.94,160.45,0.0
ORBreakoutStrategy,rvol-3.0 | risk-1%,5m,0.1605,160.4536,1,100.0,999.99,0.0417,0.11,0.28,1.94,160.45,0.0
ORBreakoutStrategy,rvol-3.0 | risk-2%,5m,0.1605,160.4536,1,100.0,999.99,0.0417,0.11,0.28,1.94,160.45,0.0
ORBreakoutStrategy,no-vwap-filter | risk-0.5%,5m,-0.4753,-475.3126,5,20.0,0.25,0.4994,-0.15,-0.18,-0.48,159.49,-158.7
ORBreakoutStrategy,no-vwap-filter | risk-1%,5m,-0.4753,-475.3126,5,20.0,0.25,0.4994,-0.15,-0.18,-0.48,159.49,-158.7
ORBreakoutStrategy,no-vwap-filter | risk-2%,5m,-0.4753,-475.3126,5,20.0,0.25,0.4994,-0.15,-0.18,-0.48,159.49,-158.7
ORBreakoutStrategy,no-adx-filter | risk-0.5%,5m,-0.2224,-222.3974,6,33.33,0.65,0.4994,-0.06,-0.08,-0.22,206.81,-159.0
ORBreakoutStrategy,no-adx-filter | risk-1%,5m,-0.2224,-222.3974,6,33.33,0.65,0.4994,-0.06,-0.08,-0.22,206.81,-159.0
ORBreakoutStrategy,no-adx-filter | risk-2%,5m,-0.2224,-222.3974,6,33.33,0.65,0.4994,-0.06,-0.08,-0.22,206.81,-159.0
ORBreakoutStrategy,no-gap-filter | risk-0.5%,5m,-0.4402,-440.2237,6,33.33,0.31,0.4994,-0.13,-0.16,-0.45,97.9,-159.0
ORBreakoutStrategy,no-gap-filter | risk-1%,5m,-0.4402,-440.2237,6,33.33,0.31,0.4994,-0.13,-0.16,-0.45,97.9,-159.0
ORBreakoutStrategy,no-gap-filter | risk-2%,5m,-0.4402,-440.2237,6,33.33,0.31,0.4994,-0.13,-0.16,-0.45,97.9,-159.0
ORBreakoutStrategy,all-filters-off | risk-0.5%,5m,0.4536,453.5596,11,54.55,1.62,0.3877,0.07,0.13,0.59,197.06,-145.76
ORBreakoutStrategy,all-filters-off | risk-1%,5m,0.4536,453.5596,11,54.55,1.62,0.3877,0.07,0.13,0.59,197.06,-145.76
ORBreakoutStrategy,all-filters-off | risk-2%,5m,0.4536,453.5596,11,54.55,1.62,0.3877,0.07,0.13,0.59,197.06,-145.76
ORReversalStrategy,default | risk-0.5%,5m,6.5406,6540.5622,25,44.0,4.82,2.6181,0.14,0.24,1.24,750.38,-122.4
ORReversalStrategy,default | risk-1%,5m,6.5406,6540.5622,25,44.0,4.82,2.6181,0.14,0.24,1.24,750.38,-122.4
ORReversalStrategy,default | risk-2%,5m,6.5406,6540.5622,25,44.0,4.82,2.6181,0.14,0.24,1.24,750.38,-122.4
ORReversalStrategy,prox-0.4 | risk-0.5%,5m,6.478,6477.9647,24,41.67,4.78,2.6196,0.14,0.24,1.23,819.16,-122.4
ORReversalStrategy,prox-0.4 | risk-1%,5m,6.478,6477.9647,24,41.67,4.78,2.6196,0.14,0.24,1.23,819.16,-122.4
ORReversalStrategy,prox-0.4 | risk-2%,5m,6.478,6477.9647,24,41.67,4.78,2.6196,0.14,0.24,1.23,819.16,-122.4
ORReversalStrategy,prox-0.8 | risk-0.5%,5m,6.5406,6540.5622,25,44.0,4.82,2.6181,0.14,0.24,1.24,750.38,-122.4
ORReversalStrategy,prox-0.8 | risk-1%,5m,6.5406,6540.5622,25,44.0,4.82,2.6181,0.14,0.24,1.24,750.38,-122.4
ORReversalStrategy,prox-0.8 | risk-2%,5m,6.5406,6540.5622,25,44.0,4.82,2.6181,0.14,0.24,1.24,750.38,-122.4
ORReversalStrategy,or-30 | risk-0.5%,5m,0.0102,10.166,1,100.0,999.99,0.02,0.02,0.04,0.26,10.17,0.0
ORReversalStrategy,or-30 | risk-1%,5m,0.0102,10.166,1,100.0,999.99,0.02,0.02,0.04,0.26,10.17,0.0
ORReversalStrategy,or-30 | risk-2%,5m,0.0102,10.166,1,100.0,999.99,0.02,0.02,0.04,0.26,10.17,0.0
ORReversalStrategy,no-break-req | risk-0.5%,5m,6.198,6197.9998,27,40.74,4.02,2.6181,0.13,0.23,1.18,750.33,-128.48
ORReversalStrategy,no-break-req | risk-1%,5m,6.198,6197.9998,27,40.74,4.02,2.6181,0.13,0.23,1.18,750.33,-128.48
ORReversalStrategy,no-break-req | risk-2%,5m,6.198,6197.9998,27,40.74,4.02,2.6181,0.13,0.23,1.18,750.33,-128.48
ORReversalStrategy,no-filters | risk-0.5%,5m,2.7261,2726.1175,51,35.29,1.6,2.6218,0.06,0.1,0.52,403.79,-137.64
ORReversalStrategy,no-filters | risk-1%,5m,2.7261,2726.1175,51,35.29,1.6,2.6218,0.06,0.1,0.52,403.79,-137.64
ORReversalStrategy,no-filters | risk-2%,5m,2.7261,2726.1175,51,35.29,1.6,2.6218,0.06,0.1,0.52,403.79,-137.64
ORReversalStrategy,long-only | risk-0.5%,5m,12.1958,12195.7961,12,41.67,17.13,9.3029,0.1,0.14,0.64,2590.39,-108.03
ORReversalStrategy,long-only | risk-1%,5m,12.1958,12195.7961,12,41.67,17.13,9.3029,0.1,0.14,0.64,2590.39,-108.03
ORReversalStrategy,long-only | risk-2%,5m,12.1958,12195.7961,12,41.67,17.13,9.3029,0.1,0.14,0.64,2590.39,-108.03
ORReversalStrategy,tight-sl | risk-0.5%,5m,3.5905,3590.5323,25,36.0,2.91,2.6246,0.09,0.16,0.68,608.21,-117.71
ORReversalStrategy,tight-sl | risk-1%,5m,3.5905,3590.5323,25,36.0,2.91,2.6246,0.09,0.16,0.68,608.21,-117.71
ORReversalStrategy,tight-sl | risk-2%,5m,3.5905,3590.5323,25,36.0,2.91,2.6246,0.09,0.16,0.68,608.21,-117.71
ReversalStrategy,default | risk-0.5%,5m,0.97,970.0461,31,61.29,1.72,1.3526,0.06,0.09,0.36,122.16,-112.58
ReversalStrategy,default | risk-1%,5m,0.97,970.0461,31,61.29,1.72,1.3526,0.06,0.09,0.36,122.16,-112.58
ReversalStrategy,default | risk-2%,5m,0.97,970.0461,31,61.29,1.72,1.3526,0.06,0.09,0.36,122.16,-112.58
ReversalStrategy,band-2s | risk-0.5%,5m,-0.1385,-138.4819,10,70.0,0.58,0.3266,-0.06,-0.08,-0.21,27.1,-109.38
ReversalStrategy,band-2s | risk-1%,5m,-0.1385,-138.4819,10,70.0,0.58,0.3266,-0.06,-0.08,-0.21,27.1,-109.38
ReversalStrategy,band-2s | risk-2%,5m,-0.1385,-138.4819,10,70.0,0.58,0.3266,-0.06,-0.08,-0.21,27.1,-109.38
ReversalStrategy,with-shorts | risk-0.5%,5m,0.97,970.0461,31,61.29,1.72,1.3526,0.06,0.09,0.36,122.16,-112.58
ReversalStrategy,with-shorts | risk-1%,5m,0.97,970.0461,31,61.29,1.72,1.3526,0.06,0.09,0.36,122.16,-112.58
ReversalStrategy,with-shorts | risk-2%,5m,0.97,970.0461,31,61.29,1.72,1.3526,0.06,0.09,0.36,122.16,-112.58
ReversalStrategy,tp-rr-2.0 | risk-0.5%,5m,-1.6348,-1634.8478,131,51.91,0.78,3.1022,-0.07,-0.1,-0.27,85.37,-118.1
ReversalStrategy,tp-rr-2.0 | risk-1%,5m,-1.6348,-1634.8478,131,51.91,0.78,3.1022,-0.07,-0.1,-0.27,85.37,-118.1
ReversalStrategy,tp-rr-2.0 | risk-2%,5m,-1.6348,-1634.8478,131,51.91,0.78,3.1022,-0.07,-0.1,-0.27,85.37,-118.1
ReversalStrategy,no-sr-req | risk-0.5%,5m,0.97,970.0461,31,61.29,1.72,1.3526,0.06,0.09,0.36,122.16,-112.58
ReversalStrategy,no-sr-req | risk-1%,5m,0.97,970.0461,31,61.29,1.72,1.3526,0.06,0.09,0.36,122.16,-112.58
ReversalStrategy,no-sr-req | risk-2%,5m,0.97,970.0461,31,61.29,1.72,1.3526,0.06,0.09,0.36,122.16,-112.58
ReversalStrategy,low-score | risk-0.5%,5m,-0.8492,-849.2293,56,48.21,0.74,1.2389,-0.05,-0.1,-0.35,88.32,-111.52
ReversalStrategy,low-score | risk-1%,5m,-0.8492,-849.2293,56,48.21,0.74,1.2389,-0.05,-0.1,-0.35,88.32,-111.52
ReversalStrategy,low-score | risk-2%,5m,-0.8492,-849.2293,56,48.21,0.74,1.2389,-0.05,-0.1,-0.35,88.32,-111.52
ReversalStrategy,tight-sl | risk-0.5%,5m,-0.3796,-379.5616,61,36.07,0.87,2.0171,-0.02,-0.03,-0.1,115.34,-74.8
ReversalStrategy,tight-sl | risk-1%,5m,-0.3796,-379.5616,61,36.07,0.87,2.0171,-0.02,-0.03,-0.1,115.34,-74.8
ReversalStrategy,tight-sl | risk-2%,5m,-0.3796,-379.5616,61,36.07,0.87,2.0171,-0.02,-0.03,-0.1,115.34,-74.8
ReversalStrategy,wide-sl | risk-0.5%,5m,10.8861,10886.1479,4,100.0,999.99,9.2811,0.07,0.1,0.58,2721.54,0.0
ReversalStrategy,wide-sl | risk-1%,5m,10.8861,10886.1479,4,100.0,999.99,9.2811,0.07,0.1,0.58,2721.54,0.0
ReversalStrategy,wide-sl | risk-2%,5m,10.8861,10886.1479,4,100.0,999.99,9.2811,0.07,0.1,0.58,2721.54,0.0
PatternScalpStrategy,default | risk-0.5%,5m,-0.164,-163.982,1,0.0,0.0,0.1729,-0.11,-0.12,-0.48,0.0,-163.98
PatternScalpStrategy,default | risk-1%,5m,-0.164,-163.982,1,0.0,0.0,0.1729,-0.11,-0.12,-0.48,0.0,-163.98
PatternScalpStrategy,default | risk-2%,5m,-0.164,-163.982,1,0.0,0.0,0.1729,-0.11,-0.12,-0.48,0.0,-163.98
PatternScalpStrategy,rvol-1.0 | risk-0.5%,5m,-1.0814,-1081.3602,6,16.67,0.12,1.3071,-0.15,-0.17,-0.42,152.84,-246.84
PatternScalpStrategy,rvol-1.0 | risk-1%,5m,-1.0814,-1081.3602,6,16.67,0.12,1.3071,-0.15,-0.17,-0.42,152.84,-246.84
PatternScalpStrategy,rvol-1.0 | risk-2%,5m,-1.0814,-1081.3602,6,16.67,0.12,1.3071,-0.15,-0.17,-0.42,152.84,-246.84
PatternScalpStrategy,rvol-2.0 | risk-0.5%,5m,-0.164,-163.982,1,0.0,0.0,0.1729,-0.11,-0.12,-0.48,0.0,-163.98
PatternScalpStrategy,rvol-2.0 | risk-1%,5m,-0.164,-163.982,1,0.0,0.0,0.1729,-0.11,-0.12,-0.48,0.0,-163.98
PatternScalpStrategy,rvol-2.0 | risk-2%,5m,-0.164,-163.982,1,0.0,0.0,0.1729,-0.11,-0.12,-0.48,0.0,-163.98
PatternScalpStrategy,no-sma-filter | risk-0.5%,5m,-0.164,-163.982,1,0.0,0.0,0.1729,-0.11,-0.12,-0.48,0.0,-163.98
PatternScalpStrategy,no-sma-filter | risk-1%,5m,-0.164,-163.982,1,0.0,0.0,0.1729,-0.11,-0.12,-0.48,0.0,-163.98
PatternScalpStrategy,no-sma-filter | risk-2%,5m,-0.164,-163.982,1,0.0,0.0,0.1729,-0.11,-0.12,-0.48,0.0,-163.98
PatternScalpStrategy,high-rr | risk-0.5%,5m,-0.164,-163.982,1,0.0,0.0,0.1729,-0.11,-0.12,-0.48,0.0,-163.98
PatternScalpStrategy,high-rr | risk-1%,5m,-0.164,-163.982,1,0.0,0.0,0.1729,-0.11,-0.12,-0.48,0.0,-163.98
PatternScalpStrategy,high-rr | risk-2%,5m,-0.164,-163.982,1,0.0,0.0,0.1729,-0.11,-0.12,-0.48,0.0,-163.98
PatternScalpStrategy,tight-sl | risk-0.5%,5m,-0.2675,-267.536,3,33.33,0.15,0.333,-0.11,-0.12,-0.41,45.64,-156.59
PatternScalpStrategy,tight-sl | risk-1%,5m,-0.2675,-267.536,3,33.33,0.15,0.333,-0.11,-0.12,-0.41,45.64,-156.59
PatternScalpStrategy,tight-sl | risk-2%,5m,-0.2675,-267.536,3,33.33,0.15,0.333,-0.11,-0.12,-0.41,45.64,-156.59
PatternScalpStrategy,wide-sl | risk-0.5%,5m,0.0,0.0,0,0.0,0.0,0.0,0.0,0.0,0.0,0.0,0.0
PatternScalpStrategy,wide-sl | risk-1%,5m,0.0,0.0,0,0.0,0.0,0.0,0.0,0.0,0.0,0.0,0.0
PatternScalpStrategy,wide-sl | risk-2%,5m,0.0,0.0,0,0.0,0.0,0.0,0.0,0.0,0.0,0.0,0.0
PatternScalpStrategy,no-htf | risk-0.5%,5m,-0.164,-163.982,1,0.0,0.0,0.1729,-0.11,-0.12,-0.48,0.0,-163.98
PatternScalpStrategy,no-htf | risk-1%,5m,-0.164,-163.982,1,0.0,0.0,0.1729,-0.11,-0.12,-0.48,0.0,-163.98
PatternScalpStrategy,no-htf | risk-2%,5m,-0.164,-163.982,1,0.0,0.0,0.1729,-0.11,-0.12,-0.48,0.0,-163.98
PullbackStrategy,default | risk-0.5%,5m,-1.3706,-1370.6216,34,35.29,0.6,1.54,-0.08,-0.11,-0.45,168.04,-153.96
PullbackStrategy,default | risk-1%,5m,-1.3706,-1370.6216,34,35.29,0.6,1.54,-0.08,-0.11,-0.45,168.04,-153.96
PullbackStrategy,default | risk-2%,5m,-1.3706,-1370.6216,34,35.29,0.6,1.54,-0.08,-0.11,-0.45,168.04,-153.96
PullbackStrategy,rr-2.5 | risk-0.5%,5m,-1.4884,-1488.4134,34,29.41,0.57,1.8593,-0.08,-0.11,-0.41,193.95,-142.83
PullbackStrategy,rr-2.5 | risk-1%,5m,-1.4884,-1488.4134,34,29.41,0.57,1.8593,-0.08,-0.11,-0.41,193.95,-142.83
PullbackStrategy,rr-2.5 | risk-2%,5m,-1.4884,-1488.4134,34,29.41,0.57,1.8593,-0.08,-0.11,-0.41,193.95,-142.83
PullbackStrategy,rr-1.0 | risk-0.5%,5m,-1.0737,-1073.6518,34,44.12,0.66,1.6597,-0.07,-0.09,-0.33,141.43,-168.17
PullbackStrategy,rr-1.0 | risk-1%,5m,-1.0737,-1073.6518,34,44.12,0.66,1.6597,-0.07,-0.09,-0.33,141.43,-168.17
PullbackStrategy,rr-1.0 | risk-2%,5m,-1.0737,-1073.6518,34,44.12,0.66,1.6597,-0.07,-0.09,-0.33,141.43,-168.17
PullbackStrategy,no-htf | risk-0.5%,5m,-1.3706,-1370.6216,34,35.29,0.6,1.54,-0.08,-0.11,-0.45,168.04,-153.96
PullbackStrategy,no-htf | risk-1%,5m,-1.3706,-1370.6216,34,35.29,0.6,1.54,-0.08,-0.11,-0.45,168.04,-153.96
PullbackStrategy,no-htf | risk-2%,5m,-1.3706,-1370.6216,34,35.29,0.6,1.54,-0.08,-0.11,-0.45,168.04,-153.96
PullbackStrategy,no-vwap-bias | risk-0.5%,5m,-2.0835,-2083.5379,40,32.5,0.49,2.2027,-0.12,-0.16,-0.48,154.68,-151.65
PullbackStrategy,no-vwap-bias | risk-1%,5m,-2.0835,-2083.5379,40,32.5,0.49,2.2027,-0.12,-0.16,-0.48,154.68,-151.65
PullbackStrategy,no-vwap-bias | risk-2%,5m,-2.0835,-2083.5379,40,32.5,0.49,2.2027,-0.12,-0.16,-0.48,154.68,-151.65
PullbackStrategy,no-cvd-filter | risk-0.5%,5m,-1.2488,-1248.8186,36,36.11,0.65,1.4184,-0.07,-0.1,-0.45,174.9,-153.15
PullbackStrategy,no-cvd-filter | risk-1%,5m,-1.2488,-1248.8186,36,36.11,0.65,1.4184,-0.07,-0.1,-0.45,174.9,-153.15
PullbackStrategy,no-cvd-filter | risk-2%,5m,-1.2488,-1248.8186,36,36.11,0.65,1.4184,-0.07,-0.1,-0.45,174.9,-153.15
PullbackStrategy,no-lrs-filter | risk-0.5%,5m,-1.3706,-1370.6216,34,35.29,0.6,1.54,-0.08,-0.11,-0.45,168.04,-153.96
PullbackStrategy,no-lrs-filter | risk-1%,5m,-1.3706,-1370.6216,34,35.29,0.6,1.54,-0.08,-0.11,-0.45,168.04,-153.96
PullbackStrategy,no-lrs-filter | risk-2%,5m,-1.3706,-1370.6216,34,35.29,0.6,1.54,-0.08,-0.11,-0.45,168.04,-153.96
PullbackStrategy,all-filters-off | risk-0.5%,5m,-2.5701,-2570.1326,52,30.77,0.52,2.6968,-0.14,-0.18,-0.48,170.63,-147.23
PullbackStrategy,all-filters-off | risk-1%,5m,-2.5701,-2570.1326,52,30.77,0.52,2.6968,-0.14,-0.18,-0.48,170.63,-147.23
PullbackStrategy,all-filters-off | risk-2%,5m,-2.5701,-2570.1326,52,30.77,0.52,2.6968,-0.14,-0.18,-0.48,170.63,-147.23
PullbackStrategy,tight-sl | risk-0.5%,5m,-0.8811,-881.0662,34,35.29,0.63,1.7398,-0.06,-0.09,-0.26,127.14,-109.4
PullbackStrategy,tight-sl | risk-1%,5m,-0.8811,-881.0662,34,35.29,0.63,1.7398,-0.06,-0.09,-0.26,127.14,-109.4
PullbackStrategy,tight-sl | risk-2%,5m,-0.8811,-881.0662,34,35.29,0.63,1.7398,-0.06,-0.09,-0.26,127.14,-109.4
PullbackStrategy,wide-sl | risk-0.5%,5m,-0.6723,-672.2556,34,41.18,0.8,2.0348,-0.03,-0.05,-0.17,190.46,-166.93
PullbackStrategy,wide-sl | risk-1%,5m,-0.6723,-672.2556,34,41.18,0.8,2.0348,-0.03,-0.05,-0.17,190.46,-166.93
PullbackStrategy,wide-sl | risk-2%,5m,-0.6723,-672.2556,34,41.18,0.8,2.0348,-0.03,-0.05,-0.17,190.46,-166.93
AVWAPPullbackStrategy,default | risk-0.5%,5m,0.4683,468.28,4,50.0,3.15,0.3344,0.06,0.16,0.71,342.86,-108.72
AVWAPPullbackStrategy,default | risk-1%,5m,0.4683,468.28,4,50.0,3.15,0.3344,0.06,0.16,0.71,342.86,-108.72
AVWAPPullbackStrategy,default | risk-2%,5m,0.4683,468.28,4,50.0,3.15,0.3344,0.06,0.16,0.71,342.86,-108.72
AVWAPPullbackStrategy,rr-1.5 | risk-0.5%,5m,0.3299,329.9187,4,50.0,2.52,0.3349,0.05,0.11,0.5,273.68,-108.72
AVWAPPullbackStrategy,rr-1.5 | risk-1%,5m,0.3299,329.9187,4,50.0,2.52,0.3349,0.05,0.11,0.5,273.68,-108.72
AVWAPPullbackStrategy,rr-1.5 | risk-2%,5m,0.3299,329.9187,4,50.0,2.52,0.3349,0.05,0.11,0.5,273.68,-108.72
AVWAPPullbackStrategy,rr-3.0 | risk-0.5%,5m,0.8354,835.3548,4,50.0,4.82,0.3352,0.1,0.28,1.26,527.05,-109.37
AVWAPPullbackStrategy,rr-3.0 | risk-1%,5m,0.8354,835.3548,4,50.0,4.82,0.3352,0.1,0.28,1.26,527.05,-109.37
AVWAPPullbackStrategy,rr-3.0 | risk-2%,5m,0.8354,835.3548,4,50.0,4.82,0.3352,0.1,0.28,1.26,527.05,-109.37
AVWAPPullbackStrategy,no-vwap-agree | risk-0.5%,5m,0.4683,468.28,4,50.0,3.15,0.3344,0.06,0.16,0.71,342.86,-108.72
AVWAPPullbackStrategy,no-vwap-agree | risk-1%,5m,0.4683,468.28,4,50.0,3.15,0.3344,0.06,0.16,0.71,342.86,-108.72
AVWAPPullbackStrategy,no-vwap-agree | risk-2%,5m,0.4683,468.28,4,50.0,3.15,0.3344,0.06,0.16,0.71,342.86,-108.72
AVWAPPullbackStrategy,no-htf | risk-0.5%,5m,0.4683,468.28,4,50.0,3.15,0.3344,0.06,0.16,0.71,342.86,-108.72
AVWAPPullbackStrategy,no-htf | risk-1%,5m,0.4683,468.28,4,50.0,3.15,0.3344,0.06,0.16,0.71,342.86,-108.72
AVWAPPullbackStrategy,no-htf | risk-2%,5m,0.4683,468.28,4,50.0,3.15,0.3344,0.06,0.16,0.71,342.86,-108.72
AVWAPPullbackStrategy,with-shorts | risk-0.5%,5m,0.4683,468.28,4,50.0,3.15,0.3344,0.06,0.16,0.71,342.86,-108.72
AVWAPPullbackStrategy,with-shorts | risk-1%,5m,0.4683,468.28,4,50.0,3.15,0.3344,0.06,0.16,0.71,342.86,-108.72
AVWAPPullbackStrategy,with-shorts | risk-2%,5m,0.4683,468.28,4,50.0,3.15,0.3344,0.06,0.16,0.71,342.86,-108.72
AVWAPPullbackStrategy,tight-sl | risk-0.5%,5m,0.1585,158.4506,4,25.0,1.42,0.4182,0.02,0.06,0.19,534.93,-125.49
AVWAPPullbackStrategy,tight-sl | risk-1%,5m,0.1585,158.4506,4,25.0,1.42,0.4182,0.02,0.06,0.19,534.93,-125.49
AVWAPPullbackStrategy,tight-sl | risk-2%,5m,0.1585,158.4506,4,25.0,1.42,0.4182,0.02,0.06,0.19,534.93,-125.49
AVWAPPullbackStrategy,wide-sl | risk-0.5%,5m,0.8578,857.7835,4,50.0,4.1,0.3835,0.11,0.27,1.13,567.09,-138.2
AVWAPPullbackStrategy,wide-sl | risk-1%,5m,0.9747,974.6949,4,50.0,4.51,0.3854,0.11,0.31,1.27,626.24,-138.89
AVWAPPullbackStrategy,wide-sl | risk-2%,5m,0.9747,974.6949,4,50.0,4.51,0.3854,0.11,0.31,1.27,626.24,-138.89
SMCStructureStrategy,default | risk-0.5%,5m,3.6515,3651.4696,101,65.35,1.51,1.0651,0.15,0.22,1.71,163.5,-204.0
SMCStructureStrategy,default | risk-1%,5m,3.6515,3651.4696,101,65.35,1.51,1.0651,0.15,0.22,1.71,163.5,-204.0
SMCStructureStrategy,default | risk-2%,5m,3.6515,3651.4696,101,65.35,1.51,1.0651,0.15,0.22,1.71,163.5,-204.0
SMCStructureStrategy,no-bos-req | risk-0.5%,5m,3.6515,3651.4696,101,65.35,1.51,1.0651,0.15,0.22,1.71,163.5,-204.0
SMCStructureStrategy,no-bos-req | risk-1%,5m,3.6515,3651.4696,101,65.35,1.51,1.0651,0.15,0.22,1.71,163.5,-204.0
SMCStructureStrategy,no-bos-req | risk-2%,5m,3.6515,3651.4696,101,65.35,1.51,1.0651,0.15,0.22,1.71,163.5,-204.0
SMCStructureStrategy,no-sweep | risk-0.5%,5m,3.6425,3642.4902,89,67.42,1.58,0.8486,0.15,0.23,2.15,165.07,-215.93
SMCStructureStrategy,no-sweep | risk-1%,5m,3.6425,3642.4902,89,67.42,1.58,0.8486,0.15,0.23,2.15,165.07,-215.93
SMCStructureStrategy,no-sweep | risk-2%,5m,3.6425,3642.4902,89,67.42,1.58,0.8486,0.15,0.23,2.15,165.07,-215.93
SMCStructureStrategy,vwap-agree | risk-0.5%,5m,2.167,2167.0232,75,62.67,1.41,1.0354,0.11,0.17,1.05,159.69,-190.65
SMCStructureStrategy,vwap-agree | risk-1%,5m,2.167,2167.0232,75,62.67,1.41,1.0354,0.11,0.17,1.05,159.69,-190.65
SMCStructureStrategy,vwap-agree | risk-2%,5m,2.167,2167.0232,75,62.67,1.41,1.0354,0.11,0.17,1.05,159.69,-190.65
SMCStructureStrategy,rr-2.0 | risk-0.5%,5m,3.1328,3132.8441,101,64.36,1.43,1.0651,0.12,0.18,1.47,161.34,-204.28
SMCStructureStrategy,rr-2.0 | risk-1%,5m,3.1328,3132.8441,101,64.36,1.43,1.0651,0.12,0.18,1.47,161.34,-204.28
SMCStructureStrategy,rr-2.0 | risk-2%,5m,3.1328,3132.8441,101,64.36,1.43,1.0651,0.12,0.18,1.47,161.34,-204.28
SMCStructureStrategy,with-shorts | risk-0.5%,5m,-3.8627,-3862.6996,225,55.56,0.83,5.3958,-0.09,-0.12,-0.36,149.96,-226.08
SMCStructureStrategy,with-shorts | risk-1%,5m,-3.8627,-3862.6996,225,55.56,0.83,5.3958,-0.09,-0.12,-0.36,149.96,-226.08
SMCStructureStrategy,with-shorts | risk-2%,5m,-3.8627,-3862.6996,225,55.56,0.83,5.3958,-0.09,-0.12,-0.36,149.96,-226.08
SMCStructureStrategy,tight-sl | risk-0.5%,5m,1.0252,1025.2491,102,57.84,1.16,1.7772,0.05,0.08,0.29,123.84,-146.08
SMCStructureStrategy,tight-sl | risk-1%,5m,1.0252,1025.2491,102,57.84,1.16,1.7772,0.05,0.08,0.29,123.84,-146.08
SMCStructureStrategy,tight-sl | risk-2%,5m,1.0252,1025.2491,102,57.84,1.16,1.7772,0.05,0.08,0.29,123.84,-146.08
SMCStructureStrategy,low-score | risk-0.5%,5m,3.2601,3260.1374,102,64.71,1.43,1.0651,0.13,0.19,1.53,163.29,-208.8
SMCStructureStrategy,low-score | risk-1%,5m,3.2601,3260.1374,102,64.71,1.43,1.0651,0.13,0.19,1.53,163.29,-208.8
SMCStructureStrategy,low-score | risk-2%,5m,3.2601,3260.1374,102,64.71,1.43,1.0651,0.13,0.19,1.53,163.29,-208.8
