date,vix_close,vix_sma20,is_fomc,is_fomc_pc,is_opex,rsi2,above_sma200
2024-02-20,18.00,18.00,0,0,0,50.00,0
2024-02-21,18.00,18.00,0,0,0,50.00,0
2024-02-22,18.00,18.00,0,0,0,100.00,0
2024-02-23,18.00,18.00,0,0,0,100.00,0
2024-02-26,18.00,18.00,0,0,0,13.68,0
2024-02-27,18.00,18.00,0,0,0,32.47,0
2024-02-28,18.00,18.00,0,0,0,56.41,0
2024-02-29,18.00,18.00,0,0,0,72.69,0
2024-03-01,18.00,18.00,0,0,0,100.00,0
2024-03-04,18.00,18.00,0,0,0,89.13,0
2024-03-05,18.00,18.00,0,0,0,0.00,0
2024-03-06,18.00,18.00,0,0,0,34.19,0
2024-03-07,18.00,18.00,0,0,0,100.00,0
2024-03-08,18.00,18.00,0,0,0,61.98,0
2024-03-11,18.00,18.00,0,0,0,0.00,0
2024-03-12,18.00,18.00,0,0,0,91.74,0
2024-03-13,18.00,18.00,0,0,0,87.13,0
2024-03-14,18.00,18.00,0,0,0,0.00,0
2024-03-15,18.00,18.00,0,0,1,0.00,0
2024-03-18,18.00,18.00,0,0,0,37.53,0
2024-03-19,30.14,18.61,1,0,0,100.00,0
2024-03-20,8.88,18.15,1,1,0,100.00,0
2024-03-21,9.53,17.73,0,0,0,100.00,0
2024-03-22,8.13,17.23,0,0,0,66.80,0
2024-03-25,8.21,16.74,0,0,0,0.00,0
2024-03-26,8.15,16.25,0,0,0,0.00,0
2024-03-27,8.19,15.76,0,0,0,79.68,0
2024-03-28,8.77,15.30,0,0,0,98.90,0
2024-04-01,8.50,14.82,0,0,0,0.00,0
2024-04-02,7.88,14.32,0,0,0,0.00,0
2024-04-03,8.30,13.83,0,0,0,13.14,0
2024-04-04,7.58,13.31,0,0,0,7.46,0
2024-04-05,8.14,12.82,0,0,0,45.90,0
2024-04-08,8.18,12.33,0,0,0,100.00,0
2024-04-09,7.74,11.82,0,0,0,100.00,0
2024-04-10,7.76,11.30,0,0,0,10.78,0
2024-04-11,7.68,10.79,0,0,0,43.13,0
2024-04-12,8.15,10.30,0,0,0,34.98,0
2024-04-15,9.10,9.85,0,0,0,0.00,0
2024-04-16,9.28,9.41,0,0,0,0.00,0
2024-04-17,8.95,8.36,0,0,0,0.00,0
2024-04-18,8.98,8.36,0,0,0,0.00,0
2024-04-19,8.42,8.30,0,0,1,0.00,0
2024-04-22,8.86,8.34,0,0,0,50.84,0
2024-04-23,9.46,8.40,0,0,0,100.00,0
2024-04-24,10.19,8.51,0,0,0,97.25,0
2024-04-25,10.05,8.60,0,0,0,0.00,0
2024-04-26,9.67,8.64,0,0,0,70.28,0
2024-04-29,10.42,8.74,0,0,0,100.00,0
2024-04-30,10.57,8.87,1,0,0,18.43,0
2024-05-01,11.31,9.03,1,1,0,0.00,0
2024-05-02,11.51,9.22,0,0,0,72.71,0
2024-05-03,11.30,9.38,0,0,0,100.00,0
2024-05-06,11.45,9.54,0,0,0,100.00,0
2024-05-07,12.24,9.77,0,0,0,100.00,0
2024-05-08,12.24,9.99,0,0,0,98.36,0
2024-05-09,11.45,10.18,0,0,0,99.66,0
2024-05-10,11.30,10.34,0,0,0,100.00,0
2024-05-13,10.30,10.40,0,0,0,100.00,0
2024-05-14,9.33,10.40,0,0,0,100.00,0
2024-05-15,9.53,10.43,0,0,0,100.00,0
2024-05-16,10.04,10.48,0,0,0,85.47,0
2024-05-17,10.05,10.56,0,0,1,41.18,0
2024-05-20,9.47,10.59,0,0,0,100.00,0
2024-05-21,8.83,10.56,0,0,0,100.00,0
2024-05-22,8.07,10.46,0,0,0,46.43,0
2024-05-23,8.26,10.37,0,0,0,0.00,0
2024-05-24,8.52,10.31,0,0,0,47.84,0
2024-05-28,8.30,10.20,0,0,0,100.00,0
2024-05-29,8.08,10.08,0,0,0,8.96,0
2024-05-30,7.39,9.88,0,0,0,0.00,0
2024-05-31,7.63,9.69,0,0,0,57.56,0
2024-06-03,7.59,9.50,0,0,0,100.00,0
2024-06-04,6.67,9.26,0,0,0,100.00,0
2024-06-05,5.93,8.95,0,0,0,100.00,0
2024-06-06,6.79,8.68,0,0,0,99.68,0
2024-06-07,6.79,8.44,0,0,0,0.00,0
2024-06-10,6.44,8.20,0,0,0,71.61,0
2024-06-11,6.58,8.01,1,0,0,100.00,0
2024-06-12,6.76,7.89,1,1,0,100.00,0
2024-06-13,7.05,7.76,0,0,0,100.00,0
2024-06-14,6.22,7.57,0,0,0,100.00,0
2024-06-17,6.10,7.37,0,0,0,100.00,0
2024-06-18,6.62,7.23,0,0,0,100.00,0
2024-06-20,6.74,7.13,0,0,0,48.32,0
2024-06-21,6.77,7.06,0,0,1,0.00,0
2024-06-24,6.96,7.00,0,0,0,0.00,0
2024-06-25,6.59,6.90,0,0,0,59.17,0
2024-06-26,6.37,6.80,0,0,0,100.00,0
2024-06-27,6.42,6.72,0,0,0,100.00,0
2024-06-28,5.98,6.65,0,0,0,26.86,0
2024-07-01,5.78,6.56,0,0,0,36.16,0
2024-07-02,5.25,6.44,0,0,0,100.00,0
2024-07-03,5.71,6.39,0,0,0,100.00,0
2024-07-05,5.98,6.39,0,0,0,100.00,0
2024-07-08,5.50,6.33,0,0,0,100.00,0
2024-07-09,5.59,6.27,0,0,0,100.00,0
2024-07-10,5.56,6.23,0,0,0,100.00,0
2024-07-11,6.09,6.20,0,0,0,52.78,0
2024-07-12,6.58,6.19,0,0,0,41.83,0
2024-07-15,6.43,6.16,0,0,0,100.00,0
2024-07-16,6.50,6.18,0,0,0,100.00,0
2024-07-17,6.92,6.22,0,0,0,29.82,0
2024-07-18,7.40,6.26,0,0,0,0.00,0
2024-07-19,7.80,6.31,0,0,1,0.00,0
2024-07-22,8.12,6.38,0,0,0,60.53,0
2024-07-23,8.53,6.46,0,0,0,86.02,0
2024-07-24,8.45,6.55,0,0,0,0.00,0
2024-07-25,9.94,6.73,0,0,0,0.00,0
2024-07-26,10.25,6.92,0,0,0,67.79,0
2024-07-29,11.02,7.17,0,0,0,100.00,0
2024-07-30,10.75,7.42,1,0,0,11.76,0
2024-07-31,10.98,7.71,1,1,0,74.96,0
2024-08-01,11.70,8.01,0,0,0,53.55,0
2024-08-02,12.41,8.33,0,0,0,0.00,0
2024-08-05,13.42,8.72,0,0,0,0.00,0
2024-08-06,15.65,9.23,0,0,0,23.49,0
2024-08-07,16.31,9.76,0,0,0,57.45,0
2024-08-08,16.08,10.26,0,0,0,77.19,0
2024-08-09,17.23,10.79,0,0,0,100.00,0
2024-08-12,17.07,11.33,0,0,0,100.00,0
2024-08-13,16.90,11.85,0,0,0,100.00,0
2024-08-14,17.72,12.39,0,0,0,100.00,0
2024-08-15,16.87,12.86,0,0,0,100.00,0
2024-08-16,17.62,13.35,0,0,1,100.00,0
2024-08-19,17.25,13.81,0,0,0,100.00,0
2024-08-20,17.19,14.24,0,0,0,85.06,0
2024-08-21,17.19,14.68,0,0,0,68.87,0
2024-08-22,15.69,14.96,0,0,0,31.66,0
2024-08-23,15.90,15.25,0,0,0,56.70,0
2024-08-26,15.85,15.49,0,0,0,81.22,0
2024-08-27,15.99,15.75,0,0,0,37.09,0
2024-08-28,15.69,15.99,0,0,0,20.03,0
2024-08-29,14.89,16.14,0,0,0,0.00,0
2024-08-30,13.82,16.22,0,0,0,99.72,0
2024-09-03,13.10,16.20,0,0,0,31.53,0
2024-09-04,12.38,16.04,0,0,0,0.00,0
2024-09-05,11.84,15.81,0,0,0,0.00,0
2024-09-06,11.48,15.58,0,0,0,0.00,0
2024-09-09,10.97,15.27,0,0,0,39.59,0
2024-09-10,11.51,14.99,0,0,0,100.00,0
2024-09-11,11.81,14.74,0,0,0,100.00,0
2024-09-12,11.30,14.42,0,0,0,100.00,0
2024-09-13,11.71,14.16,0,0,0,100.00,0
2024-09-16,10.77,13.82,0,0,0,100.00,0
2024-09-17,10.74,13.49,1,0,0,100.00,0
2024-09-18,10.00,13.13,1,1,0,11.94,0
2024-09-19,10.12,12.78,0,0,0,84.42,0
2024-09-20,11.18,12.55,0,0,1,77.28,0
2024-09-23,10.94,12.30,0,0,0,34.72,0
2024-09-24,10.31,12.03,0,0,0,100.00,0
2024-09-25,10.34,11.74,0,0,0,56.94,0
2024-09-26,10.40,11.48,0,0,0,64.87,0
2024-09-27,10.27,11.25,0,0,0,72.24,0
2024-09-30,10.39,11.08,0,0,0,74.79,0
2024-10-01,10.00,10.92,0,0,0,32.87,0
2024-10-02,9.13,10.76,0,0,0,2.91,0
2024-10-03,8.96,10.62,0,0,0,13.01,0
2024-10-04,8.93,10.49,0,0,0,82.74,0
2024-10-07,8.33,10.36,0,0,0,50.15,0
2024-10-08,8.15,10.19,0,0,0,51.06,0
2024-10-09,8.55,10.03,0,0,0,100.00,0
2024-10-10,8.30,9.88,0,0,0,79.88,0
2024-10-11,7.77,9.68,0,0,0,77.53,0
2024-10-14,7.83,9.53,0,0,0,100.00,0
2024-10-15,8.35,9.41,0,0,0,51.30,0
2024-10-16,8.92,9.36,0,0,0,35.30,0
2024-10-17,9.01,9.30,0,0,0,100.00,0
2024-10-18,7.66,9.13,0,0,1,100.00,0
2024-10-21,7.58,8.96,0,0,0,71.79,0
2024-10-22,7.49,8.82,0,0,0,0.00,0
2024-10-23,7.31,8.66,0,0,0,0.00,0
2024-10-24,7.87,8.54,0,0,0,18.83,0
2024-10-25,7.72,8.41,0,0,0,88.34,0
2024-10-28,7.62,8.27,0,0,0,91.41,0
2024-10-29,7.50,8.15,0,0,0,100.00,0
2024-10-30,6.89,8.04,0,0,0,34.96,0
2024-10-31,7.10,7.94,0,0,0,0.00,0
2024-11-01,8.52,7.92,0,0,0,17.78,0
2024-11-04,8.15,7.91,0,0,0,66.40,0
2024-11-05,7.61,7.89,0,0,0,84.68,0
2024-11-06,7.83,7.85,1,0,0,100.00,0
2024-11-07,9.26,7.90,1,1,0,100.00,0
2024-11-08,9.73,8.00,0,0,0,100.00,0
2024-11-11,9.61,8.09,0,0,0,100.00,0
2024-11-12,9.03,8.12,0,0,0,20.60,0
2024-11-13,8.66,8.11,0,0,0,13.95,0
2024-11-14,8.37,8.07,0,0,0,7.32,0
2024-11-15,8.87,8.14,0,0,1,0.00,0
2024-11-18,9.58,8.24,0,0,0,24.13,0
2024-11-19,9.79,8.35,0,0,0,100.00,0
2024-11-20,10.03,8.49,0,0,0,100.00,0
2024-11-21,9.33,8.56,0,0,0,100.00,0
2024-11-22,9.57,8.65,0,0,0,100.00,0
2024-11-25,9.80,8.76,0,0,0,100.00,0
2024-11-26,9.82,8.88,0,0,0,100.00,0
2024-11-27,10.13,9.04,0,0,0,62.79,0
2024-11-29,10.16,9.19,0,0,0,65.85,0
2024-12-02,9.09,9.22,0,0,0,100.00,0
2024-12-03,8.89,9.26,0,0,0,100.00,1
2024-12-04,8.74,9.31,0,0,0,100.00,1
2024-12-05,8.27,9.34,0,0,0,78.99,1
2024-12-06,6.42,9.19,0,0,0,55.95,1
2024-12-09,5.98,9.01,0,0,0,28.29,1
2024-12-10,6.05,8.83,0,0,0,0.00,1
2024-12-11,6.22,8.69,0,0,0,72.12,1
2024-12-12,6.58,8.58,0,0,0,59.51,1
2024-12-13,6.95,8.51,0,0,0,0.00,1
2024-12-16,6.46,8.39,0,0,0,96.55,1
2024-12-17,5.76,8.20,1,0,0,49.80,1
2024-12-18,5.76,8.00,1,1,0,0.00,1
2024-12-19,7.83,7.89,0,0,0,0.00,1
2024-12-20,7.83,7.82,0,0,1,96.35,1
2024-12-23,8.06,7.74,0,0,0,100.00,1
2024-12-24,8.33,7.67,0,0,0,100.00,1
2024-12-26,8.94,7.62,0,0,0,99.24,1
2024-12-27,8.51,7.54,0,0,0,0.00,1
2024-12-30,9.08,7.49,0,0,0,0.00,1
2024-12-31,9.48,7.51,0,0,0,0.00,1
2025-01-02,9.64,7.54,0,0,0,0.00,1
2025-01-03,9.80,7.60,0,0,0,83.60,1
2025-01-06,10.30,7.70,0,0,0,100.00,1
2025-01-07,10.64,7.91,0,0,0,34.57,1
2025-01-08,11.37,8.18,0,0,0,9.49,1
2025-01-10,11.04,8.43,0,0,0,7.28,1
2025-01-13,12.01,8.72,0,0,0,10.36,1
2025-01-14,11.54,8.97,0,0,0,100.00,1
2025-01-15,11.22,9.18,0,0,0,100.00,1
2025-01-16,12.65,9.49,0,0,0,90.75,1
2025-01-17,12.47,9.83,0,0,1,84.46,1
2025-01-21,12.92,10.18,0,0,0,100.00,1
2025-01-22,11.27,10.36,0,0,0,100.00,1
2025-01-23,11.70,10.55,0,0,0,100.00,1
2025-01-24,11.50,10.72,0,0,0,65.69,1
2025-01-27,11.20,10.86,0,0,0,0.00,1
2025-01-28,11.45,10.99,1,0,0,37.30,1
2025-01-29,12.11,11.17,1,1,0,65.38,1
2025-01-30,11.64,11.30,0,0,0,54.17,1
2025-01-31,11.16,11.38,0,0,0,50.00,1
2025-02-03,11.27,11.46,0,0,0,0.00,1
2025-02-04,11.63,11.55,0,0,0,49.76,1
2025-02-05,11.18,11.60,0,0,0,100.00,1
2025-02-06,11.03,11.62,0,0,0,100.00,1
2025-02-07,10.42,11.57,0,0,0,28.07,1
2025-02-10,11.06,11.57,0,0,0,41.90,1
2025-02-11,10.38,11.49,0,0,0,100.00,1
2025-02-12,10.30,11.43,0,0,0,18.50,1
2025-02-13,10.45,11.39,0,0,0,77.38,1
2025-02-14,9.84,11.25,0,0,0,100.00,1
2025-02-18,9.70,11.11,0,0,0,100.00,1
2025-02-19,9.12,10.92,0,0,0,100.00,1
2025-02-20,8.61,10.79,0,0,0,38.18,1
2025-02-21,8.49,10.63,0,0,1,0.00,1
2025-02-24,9.40,10.52,0,0,0,0.00,1
2025-02-25,9.54,10.44,0,0,0,0.00,1
2025-02-26,8.82,10.31,0,0,0,6.85,1
2025-02-27,8.18,10.11,0,0,0,2.29,1
2025-02-28,9.08,9.98,0,0,0,49.02,1
2025-03-03,9.89,9.92,0,0,0,47.20,1
2025-03-04,10.82,9.90,0,0,0,0.00,1
2025-03-05,11.24,9.88,0,0,0,46.54,1
2025-03-06,11.54,9.90,0,0,0,37.61,1
2025-03-07,12.62,9.98,0,0,0,22.93,1
2025-03-10,12.76,10.09,0,0,0,16.80,0
2025-03-11,14.12,10.25,0,0,0,0.00,0
2025-03-12,14.24,10.44,0,0,0,37.60,0
2025-03-13,14.59,10.65,0,0,0,27.38,0
2025-03-14,15.40,10.90,0,0,0,60.39,0
2025-03-17,16.19,11.22,0,0,0,100.00,0
2025-03-18,16.78,11.57,1,0,0,41.47,0
2025-03-19,17.41,11.99,1,1,0,49.96,0
2025-03-20,18.05,12.46,0,0,0,81.76,0
2025-03-21,17.91,12.93,0,0,1,0.00,0
2025-03-24,16.77,13.30,0,0,0,86.84,1
2025-03-25,17.78,13.71,0,0,0,100.00,1
2025-03-26,17.57,14.15,0,0,0,16.83,0
2025-03-27,18.45,14.66,0,0,0,0.00,0
2025-03-28,17.44,15.08,0,0,0,0.00,0
2025-03-31,17.78,15.47,0,0,0,22.91,0
2025-04-01,16.90,15.78,0,0,0,100.00,0
2025-04-02,16.20,16.02,0,0,0,100.00,0
2025-04-03,15.86,16.24,0,0,0,11.82,0
2025-04-04,18.27,16.52,0,0,0,0.00,0
2025-04-07,22.60,17.01,0,0,0,0.00,0
2025-04-08,20.66,17.34,0,0,0,0.00,0
2025-04-09,21.24,17.69,0,0,0,85.65,0
2025-04-10,28.30,18.38,0,0,0,71.41,0
2025-04-11,29.98,19.11,0,0,0,33.20,0
2025-04-14,29.76,19.79,0,0,0,100.00,0
2025-04-15,29.91,20.44,0,0,0,79.97,0
2025-04-16,29.25,21.03,0,0,0,0.00,0
2025-04-17,30.18,21.64,0,0,0,5.22,0
2025-04-21,30.09,22.25,0,0,0,5.05,0
2025-04-22,31.76,23.00,0,0,0,51.08,0
2025-04-23,32.38,23.73,0,0,0,100.00,0
2025-04-24,33.47,24.53,0,0,0,100.00,0
2025-04-25,34.21,25.31,0,0,0,100.00,0
2025-04-28,34.55,26.17,0,0,0,100.00,0
2025-04-29,33.04,26.93,0,0,0,100.00,0
2025-04-30,33.03,27.74,0,0,0,100.00,0
2025-05-01,32.79,28.57,0,0,0,100.00,0
2025-05-02,32.87,29.42,0,0,0,100.00,0
2025-05-05,30.22,30.01,0,0,0,72.53,0
2025-05-06,25.91,30.18,1,0,0,0.00,0
2025-05-07,26.42,30.47,1,1,0,33.94,0
2025-05-08,25.54,30.68,0,0,0,100.00,0
2025-05-09,18.60,30.20,0,0,0,85.42,0
2025-05-12,15.96,29.50,0,0,0,96.72,1
2025-05-13,17.16,28.87,0,0,0,100.00,1
2025-05-14,16.96,28.22,0,0,0,100.00,1
2025-05-15,16.88,27.60,0,0,0,100.00,1
2025-05-16,15.49,26.87,0,0,1,100.00,1
2025-05-19,15.91,26.16,0,0,0,100.00,1
2025-05-20,14.13,25.28,0,0,0,23.55,1
2025-05-21,12.40,24.28,0,0,0,0.00,1
2025-05-22,12.45,23.23,0,0,0,0.70,1
2025-05-23,10.81,22.06,0,0,0,1.78,1
2025-05-27,10.76,20.87,0,0,0,75.46,1
2025-05-28,12.33,19.83,0,0,0,78.03,1
2025-05-29,12.32,18.80,0,0,0,40.60,1
2025-05-30,12.60,17.79,0,0,0,81.21,1
2025-06-02,12.08,16.75,0,0,0,85.71,1
2025-06-03,11.35,15.80,0,0,0,100.00,1
2025-06-04,11.38,15.08,0,0,0,94.28,1
2025-06-05,10.74,14.29,0,0,0,0.00,1
2025-06-06,10.78,13.55,0,0,0,67.53,1
2025-06-09,11.06,13.18,0,0,0,100.00,1
2025-06-10,11.05,12.93,0,0,0,100.00,1
2025-06-11,8.90,12.52,0,0,0,67.83,1
2025-06-12,8.57,12.10,0,0,0,58.29,1
2025-06-13,8.78,11.69,0,0,0,25.52,1
2025-06-16,9.29,11.38,0,0,0,45.97,1
2025-06-17,9.53,11.06,1,0,0,52.75,1
2025-06-18,10.12,10.86,1,1,0,0.00,1
2025-06-20,9.85,10.74,0,0,1,0.00,1
2025-06-23,8.96,10.56,0,0,0,64.62,1
2025-06-24,9.74,10.51,0,0,0,100.00,1
2025-06-25,10.09,10.48,0,0,0,100.00,1
2025-06-26,8.50,10.28,0,0,0,100.00,1
2025-06-27,8.68,10.10,0,0,0,100.00,1
2025-06-30,8.75,9.91,0,0,0,100.00,1
2025-07-01,9.07,9.76,0,0,0,90.42,1
2025-07-02,8.69,9.63,0,0,0,89.81,1
2025-07-03,8.58,9.49,0,0,0,100.00,1
2025-07-07,9.19,9.41,0,0,0,52.10,1
2025-07-08,9.38,9.34,0,0,0,0.00,1
2025-07-09,8.64,9.22,0,0,0,88.76,1
2025-07-10,9.04,9.12,0,0,0,100.00,1
2025-07-11,8.81,9.11,0,0,0,44.94,1
2025-07-14,8.87,9.13,0,0,0,33.63,1
2025-07-15,8.71,9.13,0,0,0,30.13,1
2025-07-16,8.15,9.07,0,0,0,44.02,1
2025-07-17,7.65,8.97,0,0,0,100.00,1
2025-07-18,7.45,8.84,0,0,1,90.48,1
2025-07-21,7.49,8.72,0,0,0,74.52,1
2025-07-22,7.21,8.64,0,0,0,100.00,1
2025-07-23,6.43,8.47,0,0,0,100.00,1
2025-07-24,6.22,8.28,0,0,0,100.00,1
2025-07-25,6.22,8.16,0,0,0,100.00,1
2025-07-28,5.91,8.02,0,0,0,95.94,1
2025-07-29,5.54,7.86,1,0,0,0.00,1
2025-07-30,5.36,7.68,1,1,0,0.00,1
2025-07-31,5.41,7.51,0,0,0,0.00,1
2025-08-01,5.37,7.35,0,0,0,0.00,1
2025-08-04,6.02,7.20,0,0,0,47.76,1
2025-08-05,6.64,7.06,0,0,0,75.22,1
2025-08-06,6.97,6.97,0,0,0,60.18,1
2025-08-07,7.09,6.88,0,0,0,92.66,1
2025-08-08,6.90,6.78,0,0,0,92.90,1
2025-08-11,7.23,6.70,0,0,0,78.70,1
2025-08-12,7.25,6.63,0,0,0,83.87,1
2025-08-13,7.76,6.61,0,0,0,100.00,1
2025-08-14,7.78,6.61,0,0,0,100.00,1
2025-08-15,7.30,6.61,0,0,1,3.85,1
2025-08-18,7.43,6.60,0,0,0,0.00,1
2025-08-19,7.31,6.61,0,0,0,0.00,1
2025-08-20,7.73,6.67,0,0,0,0.00,1
2025-08-21,7.27,6.72,0,0,0,0.00,1
2025-08-22,7.54,6.79,0,0,0,79.62,1
2025-08-25,8.43,6.92,0,0,0,77.58,1
2025-08-26,8.76,7.08,0,0,0,48.72,1
2025-08-27,8.88,7.25,0,0,0,100.00,1
2025-08-28,8.97,7.43,0,0,0,100.00,1
2025-08-29,8.93,7.61,0,0,0,37.09,1
2025-09-02,8.11,7.71,0,0,0,0.00,1
2025-09-03,7.50,7.76,0,0,0,41.27,1
2025-09-04,7.52,7.78,0,0,0,100.00,1
2025-09-05,7.59,7.81,0,0,0,75.04,1
2025-09-08,7.76,7.85,0,0,0,47.18,1
2025-09-09,7.35,7.86,0,0,0,100.00,1
2025-09-10,7.37,7.86,0,0,0,100.00,1
2025-09-11,6.75,7.81,0,0,0,100.00,1
2025-09-12,7.13,7.78,0,0,0,96.59,1
2025-09-15,7.14,7.77,0,0,0,94.75,1
2025-09-16,7.37,7.77,1,0,0,78.85,1
2025-09-17,7.46,7.78,1,1,0,0.00,1
2025-09-18,7.12,7.75,0,0,0,80.52,1
2025-09-19,7.28,7.75,0,0,1,100.00,1
2025-09-22,7.14,7.73,0,0,0,100.00,1
2025-09-23,6.30,7.62,0,0,0,46.92,1
2025-09-24,6.38,7.50,0,0,0,0.00,1
2025-09-25,6.31,7.37,0,0,0,0.00,1
2025-09-26,6.50,7.25,0,0,0,55.15,1
2025-09-29,6.68,7.14,0,0,0,100.00,1
2025-09-30,6.43,7.05,0,0,0,100.00,1
2025-10-01,6.15,6.99,0,0,0,100.00,1
2025-10-02,6.02,6.91,0,0,0,100.00,1
2025-10-03,5.44,6.80,0,0,0,100.00,1
2025-10-06,5.22,6.68,0,0,0,100.00,1
2025-10-07,5.31,6.58,0,0,0,49.49,1
2025-10-08,5.42,6.48,0,0,0,61.56,1
2025-10-09,5.65,6.42,0,0,0,67.47,1
2025-10-10,5.22,6.33,0,0,0,0.00,1
2025-10-13,7.34,6.34,0,0,0,35.50,1
2025-10-14,8.13,6.38,0,0,0,92.12,1
2025-10-15,8.13,6.41,0,0,0,77.21,1
2025-10-16,8.38,6.47,0,0,0,39.40,1
2025-10-17,8.54,6.53,0,0,1,45.31,1
2025-10-20,8.82,6.62,0,0,0,100.00,1
2025-10-21,9.27,6.77,0,0,0,100.00,1
2025-10-22,8.85,6.89,0,0,0,0.00,1
2025-10-23,9.00,7.03,0,0,0,52.46,1
2025-10-24,9.09,7.15,0,0,0,100.00,1
2025-10-27,9.28,7.28,0,0,0,100.00,1
2025-10-28,10.00,7.46,1,0,0,100.00,1
2025-10-29,9.91,7.65,1,1,0,100.00,1
2025-10-30,9.66,7.83,0,0,0,4.17,1
2025-10-31,10.43,8.08,0,0,0,21.73,1
2025-11-03,10.67,8.36,0,0,0,100.00,1
2025-11-04,10.54,8.62,0,0,0,14.53,1
2025-11-05,11.18,8.90,0,0,0,21.26,1
2025-11-06,10.97,9.17,0,0,0,22.95,1
2025-11-07,11.59,9.49,0,0,0,8.46,1
2025-11-10,9.53,9.60,0,0,0,100.00,1
2025-11-11,9.56,9.67,0,0,0,100.00,1
2025-11-12,9.64,9.75,0,0,0,100.00,1
2025-11-13,9.34,9.79,0,0,0,3.68,1
2025-11-14,10.12,9.87,0,0,0,0.00,1
2025-11-17,9.70,9.92,0,0,0,0.00,1
2025-11-18,9.60,9.93,0,0,0,0.00,1
2025-11-19,10.27,10.00,0,0,0,31.14,1
2025-11-20,10.16,10.06,0,0,0,19.87,1
2025-11-21,10.91,10.15,0,0,1,39.22,1
2025-11-24,11.06,10.24,0,0,0,100.00,1
2025-11-25,11.29,10.31,0,0,0,100.00,1
2025-11-26,11.82,10.40,0,0,0,100.00,1
2025-11-28,12.32,10.54,0,0,0,100.00,1
2025-12-01,11.91,10.61,0,0,0,54.65,1
2025-12-02,12.04,10.68,0,0,0,27.94,1
2025-12-03,12.02,10.75,0,0,0,100.00,1
2025-12-04,11.36,10.76,0,0,0,100.00,1
2025-12-05,11.18,10.77,0,0,0,100.00,1
2025-12-08,10.47,10.72,0,0,0,38.23,1
2025-12-09,10.63,10.77,0,0,0,0.00,1
2025-12-10,9.46,10.77,0,0,0,88.38,1
2025-12-11,9.79,10.77,0,0,0,100.00,1
2025-12-12,9.94,10.80,0,0,0,18.50,1
2025-12-15,9.48,10.77,0,0,0,0.00,1
2025-12-16,9.59,10.77,1,0,0,0.00,1
2025-12-17,9.06,10.74,1,1,0,0.00,1
2025-12-18,9.28,10.69,0,0,0,40.66,1
2025-12-19,9.60,10.66,0,0,1,100.00,1
2025-12-22,8.86,10.56,0,0,0,100.00,1
2025-12-23,8.56,10.43,0,0,0,100.00,1
2025-12-24,7.75,10.26,0,0,0,100.00,1
2025-12-26,7.27,10.03,0,0,0,100.00,1
2025-12-29,6.73,9.75,0,0,0,4.18,1
2025-12-30,6.57,9.48,0,0,0,0.00,1
2025-12-31,6.31,9.20,0,0,0,0.00,1
2026-01-02,6.76,8.93,0,0,0,20.68,1
2026-01-05,6.64,8.70,0,0,0,100.00,1
2026-01-06,7.11,8.49,0,0,0,100.00,1
2026-01-07,7.46,8.34,0,0,0,63.72,1
2026-01-08,7.51,8.19,0,0,0,0.00,1
2026-01-09,7.46,8.09,0,0,0,96.81,1
2026-01-12,7.47,7.97,0,0,0,100.00,1
2026-01-13,7.41,7.84,0,0,0,45.35,1
2026-01-14,6.71,7.71,0,0,0,0.00,1
2026-01-15,6.97,7.58,0,0,0,34.33,1
2026-01-16,6.96,7.47,0,0,1,74.57,1
2026-01-20,6.14,7.31,0,0,0,0.00,1
2026-01-21,7.13,7.19,0,0,0,35.59,1
2026-01-22,7.56,7.12,0,0,0,100.00,1
2026-01-23,7.48,7.07,0,0,0,100.00,1
2026-01-26,7.15,7.04,0,0,0,100.00,1
2026-01-27,7.30,7.04,0,0,0,100.00,1
2026-01-28,7.61,7.09,1,1,0,96.26,1
2026-01-29,7.35,7.13,0,0,0,0.00,1
2026-01-30,7.41,7.18,0,0,0,0.00,1
2026-02-02,7.06,7.20,0,0,0,63.23,1
2026-02-03,7.31,7.23,0,0,0,37.24,1
2026-02-04,7.47,7.25,0,0,0,0.00,1
2026-02-05,7.35,7.24,0,0,0,0.00,1
2026-02-06,8.08,7.27,0,0,0,60.26,1
2026-02-09,9.60,7.38,0,0,0,100.00,1
2026-02-10,9.46,7.48,0,0,0,64.78,1
2026-02-11,9.53,7.58,0,0,0,0.00,1
2026-02-12,9.39,7.72,0,0,0,0.00,1
2026-02-13,10.24,7.88,0,0,0,3.43,1
2026-02-17,10.09,8.04,0,0,0,100.00,1
2026-02-18,10.15,8.24,0,0,0,100.00,1
2026-02-19,8.95,8.33,0,0,0,54.00,1
